/*
 Navicat Premium Data Transfer

 Source Server         : xuniji
 Source Server Type    : MySQL
 Source Server Version : 50568
 Source Host           : 192.168.184.128:3306
 Source Schema         : miaosha

 Target Server Type    : MySQL
 Target Server Version : 50568
 File Encoding         : 65001

 Date: 09/05/2022 22:17:56
*/

SET NAMES utf8mb4;
SET FOREIGN_KEY_CHECKS = 0;

-- ----------------------------
-- Table structure for item
-- ----------------------------
DROP TABLE IF EXISTS `item`;
CREATE TABLE `item`  (
  `id` int(11) NOT NULL AUTO_INCREMENT,
  `title` varchar(255) CHARACTER SET utf8 COLLATE utf8_bin NOT NULL DEFAULT '',
  `price` decimal(64, 2) NOT NULL,
  `description` varchar(500) CHARACTER SET utf8 COLLATE utf8_bin NOT NULL DEFAULT '',
  `sales` int(100) NOT NULL DEFAULT 0,
  `img_url` varchar(5000) CHARACTER SET utf8 COLLATE utf8_bin NOT NULL DEFAULT '',
  PRIMARY KEY (`id`) USING BTREE
) ENGINE = InnoDB AUTO_INCREMENT = 11 CHARACTER SET = utf8 COLLATE = utf8_bin ROW_FORMAT = Compact;

-- ----------------------------
-- Records of item
-- ----------------------------
INSERT INTO `item` VALUES (8, 'iphone13', 12.00, '手机', 76, 'https://img1.baidu.com/it/u=2880233379,289170447&fm=253&fmt=auto&app=138&f=JPEG?w=720&h=465');
INSERT INTO `item` VALUES (9, '华为', 10.00, '手机', 100, 'https://gimg2.baidu.com/image_search/src=http%3A%2F%2Fn.sinaimg.cn%2Fsinakd20210427ac%2F601%2Fw1920h1081%2F20210427%2F957e-kphwumr3555747.jpg&refer=http%3A%2F%2Fn.sinaimg.cn&app=2002&size=f9999,10000&q=a80&n=0&g=0n&fmt=auto?sec=1649680682&t=740b376370bf1849586b09313e8028df');
INSERT INTO `item` VALUES (10, 'p', 2000.00, '电脑', 0, 'https://gimg2.baidu.com/image_search/src=http%3A%2F%2Fimg.lanrentuku.com%2Fimg%2Fallimg%2F1206%2F5-12061FRR9.jpg&refer=http%3A%2F%2Fimg.lanrentuku.com&app=2002&size=f9999,10000&q=a80&n=0&g=0n&fmt=auto?sec=1652751610&t=86d06597006b197b248d37ab743979f8');

-- ----------------------------
-- Table structure for item_stock
-- ----------------------------
DROP TABLE IF EXISTS `item_stock`;
CREATE TABLE `item_stock`  (
  `id` int(11) NOT NULL AUTO_INCREMENT,
  `stock` int(11) NOT NULL DEFAULT 0,
  `item_id` int(11) NOT NULL,
  PRIMARY KEY (`id`) USING BTREE,
  UNIQUE INDEX `item_id_index`(`item_id`) USING BTREE
) ENGINE = InnoDB AUTO_INCREMENT = 18 CHARACTER SET = utf8 COLLATE = utf8_bin ROW_FORMAT = Compact;

-- ----------------------------
-- Records of item_stock
-- ----------------------------
INSERT INTO `item_stock` VALUES (15, 19, 8);
INSERT INTO `item_stock` VALUES (16, 20, 9);
INSERT INTO `item_stock` VALUES (17, 4, 10);

-- ----------------------------
-- Table structure for order_info
-- ----------------------------
DROP TABLE IF EXISTS `order_info`;
CREATE TABLE `order_info`  (
  `id` varchar(32) CHARACTER SET utf8 COLLATE utf8_bin NOT NULL,
  `user_id` int(11) NOT NULL DEFAULT 0,
  `item_id` int(11) NOT NULL DEFAULT 0,
  `item_price` decimal(10, 2) NOT NULL,
  `amount` int(11) NOT NULL DEFAULT 0,
  `order_price` decimal(40, 2) NOT NULL,
  `promo_id` int(11) NOT NULL DEFAULT 0,
  PRIMARY KEY (`id`) USING BTREE
) ENGINE = InnoDB CHARACTER SET = utf8 COLLATE = utf8_bin ROW_FORMAT = Compact;

-- ----------------------------
-- Records of order_info
-- ----------------------------
INSERT INTO `order_info` VALUES ('2022050900002100', 56, 8, 1.00, 1, 1.00, 3);
INSERT INTO `order_info` VALUES ('2022050900002200', 36, 8, 1.00, 1, 1.00, 3);
INSERT INTO `order_info` VALUES ('2022050900002300', 23, 8, 1.00, 1, 1.00, 3);
INSERT INTO `order_info` VALUES ('2022050900002400', 28, 8, 1.00, 1, 1.00, 3);
INSERT INTO `order_info` VALUES ('2022050900002500', 80, 8, 1.00, 1, 1.00, 3);
INSERT INTO `order_info` VALUES ('2022050900002600', 88, 8, 1.00, 1, 1.00, 3);
INSERT INTO `order_info` VALUES ('2022050900002700', 59, 8, 1.00, 1, 1.00, 3);
INSERT INTO `order_info` VALUES ('2022050900002800', 41, 8, 1.00, 1, 1.00, 3);
INSERT INTO `order_info` VALUES ('2022050900002900', 7, 8, 1.00, 1, 1.00, 3);
INSERT INTO `order_info` VALUES ('2022050900003000', 57, 8, 1.00, 1, 1.00, 3);
INSERT INTO `order_info` VALUES ('2022050900003100', 66, 8, 1.00, 1, 1.00, 3);
INSERT INTO `order_info` VALUES ('2022050900003200', 38, 8, 1.00, 1, 1.00, 3);
INSERT INTO `order_info` VALUES ('2022050900003300', 33, 8, 1.00, 1, 1.00, 3);
INSERT INTO `order_info` VALUES ('2022050900003400', 72, 8, 1.00, 1, 1.00, 3);
INSERT INTO `order_info` VALUES ('2022050900003500', 55, 8, 1.00, 1, 1.00, 3);
INSERT INTO `order_info` VALUES ('2022050900003600', 48, 8, 1.00, 1, 1.00, 3);
INSERT INTO `order_info` VALUES ('2022050900003700', 60, 8, 1.00, 1, 1.00, 3);
INSERT INTO `order_info` VALUES ('2022050900003800', 70, 8, 1.00, 1, 1.00, 3);
INSERT INTO `order_info` VALUES ('2022050900003900', 21, 8, 1.00, 1, 1.00, 3);
INSERT INTO `order_info` VALUES ('2022050900004000', 39, 8, 1.00, 1, 1.00, 3);
INSERT INTO `order_info` VALUES ('2022050900004100', 1, 8, 1.00, 1, 1.00, 3);

-- ----------------------------
-- Table structure for promo
-- ----------------------------
DROP TABLE IF EXISTS `promo`;
CREATE TABLE `promo`  (
  `id` int(100) NOT NULL AUTO_INCREMENT,
  `promo_name` varchar(255) CHARACTER SET utf8 COLLATE utf8_bin NOT NULL DEFAULT '',
  `start_date` datetime NOT NULL DEFAULT '0000-00-00 00:00:00',
  `end_date` datetime NOT NULL DEFAULT '0000-00-00 00:00:00',
  `item_id` int(11) NOT NULL DEFAULT 0,
  `promo_item_price` decimal(10, 2) NOT NULL,
  PRIMARY KEY (`id`) USING BTREE
) ENGINE = InnoDB AUTO_INCREMENT = 5 CHARACTER SET = utf8 COLLATE = utf8_bin ROW_FORMAT = Compact;

-- ----------------------------
-- Records of promo
-- ----------------------------
INSERT INTO `promo` VALUES (3, 'iphone抢购活动', '2022-04-11 03:21:30', '2022-05-26 14:54:24', 8, 1.00);
INSERT INTO `promo` VALUES (4, '华为抢购活动', '2022-03-23 10:01:16', '2022-03-25 10:01:20', 9, 2.00);

-- ----------------------------
-- Table structure for sequence_info
-- ----------------------------
DROP TABLE IF EXISTS `sequence_info`;
CREATE TABLE `sequence_info`  (
  `name` varchar(255) CHARACTER SET utf8 COLLATE utf8_bin NOT NULL,
  `current_value` int(11) NOT NULL DEFAULT 0,
  `step` int(11) NOT NULL DEFAULT 0,
  PRIMARY KEY (`name`) USING BTREE
) ENGINE = InnoDB CHARACTER SET = utf8 COLLATE = utf8_bin ROW_FORMAT = Compact;

-- ----------------------------
-- Records of sequence_info
-- ----------------------------
INSERT INTO `sequence_info` VALUES ('order_info', 42, 1);

-- ----------------------------
-- Table structure for stock_log
-- ----------------------------
DROP TABLE IF EXISTS `stock_log`;
CREATE TABLE `stock_log`  (
  `stock_log_id` varchar(64) CHARACTER SET utf8 COLLATE utf8_unicode_ci NOT NULL,
  `item_id` int(11) NOT NULL DEFAULT 0,
  `amount` int(11) NOT NULL DEFAULT 0,
  `status` int(11) NOT NULL DEFAULT 0,
  PRIMARY KEY (`stock_log_id`) USING BTREE
) ENGINE = InnoDB CHARACTER SET = utf8 COLLATE = utf8_unicode_ci ROW_FORMAT = Compact;

-- ----------------------------
-- Records of stock_log
-- ----------------------------

-- ----------------------------
-- Table structure for user_info
-- ----------------------------
DROP TABLE IF EXISTS `user_info`;
CREATE TABLE `user_info`  (
  `id` int(11) NOT NULL AUTO_INCREMENT,
  `name` varchar(64) CHARACTER SET utf8 COLLATE utf8_bin NOT NULL DEFAULT '',
  `gender` tinyint(2) NOT NULL DEFAULT 0 COMMENT '1代表男性\r\n',
  `age` int(11) NOT NULL DEFAULT 0,
  `telphone` varchar(64) CHARACTER SET utf8 COLLATE utf8_bin NOT NULL DEFAULT '',
  `regisit_mode` varchar(64) CHARACTER SET utf8 COLLATE utf8_bin NOT NULL DEFAULT '' COMMENT '//byphone,bywechat,byalipay,',
  `third_party_id` int(64) NOT NULL DEFAULT 0,
  PRIMARY KEY (`id`) USING BTREE,
  UNIQUE INDEX `telphone_unique_index`(`telphone`) USING BTREE
) ENGINE = InnoDB AUTO_INCREMENT = 1003 CHARACTER SET = utf8 COLLATE = utf8_bin ROW_FORMAT = Compact;

-- ----------------------------
-- Records of user_info
-- ----------------------------
INSERT INTO `user_info` VALUES (1, '11', 1, 1, '11111111111', 'byphone', 0);
INSERT INTO `user_info` VALUES (2, 'test', 1, 20, '13000000000', 'byphone', 0);
INSERT INTO `user_info` VALUES (3, 'test', 1, 20, '13000000001', 'byphone', 0);
INSERT INTO `user_info` VALUES (4, 'test', 1, 20, '13000000002', 'byphone', 0);
INSERT INTO `user_info` VALUES (5, 'test', 1, 20, '13000000003', 'byphone', 0);
INSERT INTO `user_info` VALUES (6, 'test', 1, 20, '13000000004', 'byphone', 0);
INSERT INTO `user_info` VALUES (7, 'test', 1, 20, '13000000005', 'byphone', 0);
INSERT INTO `user_info` VALUES (8, 'test', 1, 20, '13000000006', 'byphone', 0);
INSERT INTO `user_info` VALUES (9, 'test', 1, 20, '13000000007', 'byphone', 0);
INSERT INTO `user_info` VALUES (10, 'test', 1, 20, '13000000008', 'byphone', 0);
INSERT INTO `user_info` VALUES (11, 'test', 1, 20, '13000000009', 'byphone', 0);
INSERT INTO `user_info` VALUES (12, 'test', 1, 20, '13000000010', 'byphone', 0);
INSERT INTO `user_info` VALUES (13, 'test', 1, 20, '13000000011', 'byphone', 0);
INSERT INTO `user_info` VALUES (14, 'test', 1, 20, '13000000012', 'byphone', 0);
INSERT INTO `user_info` VALUES (15, 'test', 1, 20, '13000000013', 'byphone', 0);
INSERT INTO `user_info` VALUES (16, 'test', 1, 20, '13000000014', 'byphone', 0);
INSERT INTO `user_info` VALUES (17, 'test', 1, 20, '13000000015', 'byphone', 0);
INSERT INTO `user_info` VALUES (18, 'test', 1, 20, '13000000016', 'byphone', 0);
INSERT INTO `user_info` VALUES (19, 'test', 1, 20, '13000000017', 'byphone', 0);
INSERT INTO `user_info` VALUES (20, 'test', 1, 20, '13000000018', 'byphone', 0);
INSERT INTO `user_info` VALUES (21, 'test', 1, 20, '13000000019', 'byphone', 0);
INSERT INTO `user_info` VALUES (22, 'test', 1, 20, '13000000020', 'byphone', 0);
INSERT INTO `user_info` VALUES (23, 'test', 1, 20, '13000000021', 'byphone', 0);
INSERT INTO `user_info` VALUES (24, 'test', 1, 20, '13000000022', 'byphone', 0);
INSERT INTO `user_info` VALUES (25, 'test', 1, 20, '13000000023', 'byphone', 0);
INSERT INTO `user_info` VALUES (26, 'test', 1, 20, '13000000024', 'byphone', 0);
INSERT INTO `user_info` VALUES (27, 'test', 1, 20, '13000000025', 'byphone', 0);
INSERT INTO `user_info` VALUES (28, 'test', 1, 20, '13000000026', 'byphone', 0);
INSERT INTO `user_info` VALUES (29, 'test', 1, 20, '13000000027', 'byphone', 0);
INSERT INTO `user_info` VALUES (30, 'test', 1, 20, '13000000028', 'byphone', 0);
INSERT INTO `user_info` VALUES (31, 'test', 1, 20, '13000000029', 'byphone', 0);
INSERT INTO `user_info` VALUES (32, 'test', 1, 20, '13000000030', 'byphone', 0);
INSERT INTO `user_info` VALUES (33, 'test', 1, 20, '13000000031', 'byphone', 0);
INSERT INTO `user_info` VALUES (34, 'test', 1, 20, '13000000032', 'byphone', 0);
INSERT INTO `user_info` VALUES (35, 'test', 1, 20, '13000000033', 'byphone', 0);
INSERT INTO `user_info` VALUES (36, 'test', 1, 20, '13000000034', 'byphone', 0);
INSERT INTO `user_info` VALUES (37, 'test', 1, 20, '13000000035', 'byphone', 0);
INSERT INTO `user_info` VALUES (38, 'test', 1, 20, '13000000036', 'byphone', 0);
INSERT INTO `user_info` VALUES (39, 'test', 1, 20, '13000000037', 'byphone', 0);
INSERT INTO `user_info` VALUES (40, 'test', 1, 20, '13000000038', 'byphone', 0);
INSERT INTO `user_info` VALUES (41, 'test', 1, 20, '13000000039', 'byphone', 0);
INSERT INTO `user_info` VALUES (42, 'test', 1, 20, '13000000040', 'byphone', 0);
INSERT INTO `user_info` VALUES (43, 'test', 1, 20, '13000000041', 'byphone', 0);
INSERT INTO `user_info` VALUES (44, 'test', 1, 20, '13000000042', 'byphone', 0);
INSERT INTO `user_info` VALUES (45, 'test', 1, 20, '13000000043', 'byphone', 0);
INSERT INTO `user_info` VALUES (46, 'test', 1, 20, '13000000044', 'byphone', 0);
INSERT INTO `user_info` VALUES (47, 'test', 1, 20, '13000000045', 'byphone', 0);
INSERT INTO `user_info` VALUES (48, 'test', 1, 20, '13000000046', 'byphone', 0);
INSERT INTO `user_info` VALUES (49, 'test', 1, 20, '13000000047', 'byphone', 0);
INSERT INTO `user_info` VALUES (50, 'test', 1, 20, '13000000048', 'byphone', 0);
INSERT INTO `user_info` VALUES (51, 'test', 1, 20, '13000000049', 'byphone', 0);
INSERT INTO `user_info` VALUES (52, 'test', 1, 20, '13000000050', 'byphone', 0);
INSERT INTO `user_info` VALUES (53, 'test', 1, 20, '13000000051', 'byphone', 0);
INSERT INTO `user_info` VALUES (54, 'test', 1, 20, '13000000052', 'byphone', 0);
INSERT INTO `user_info` VALUES (55, 'test', 1, 20, '13000000053', 'byphone', 0);
INSERT INTO `user_info` VALUES (56, 'test', 1, 20, '13000000054', 'byphone', 0);
INSERT INTO `user_info` VALUES (57, 'test', 1, 20, '13000000055', 'byphone', 0);
INSERT INTO `user_info` VALUES (58, 'test', 1, 20, '13000000056', 'byphone', 0);
INSERT INTO `user_info` VALUES (59, 'test', 1, 20, '13000000057', 'byphone', 0);
INSERT INTO `user_info` VALUES (60, 'test', 1, 20, '13000000058', 'byphone', 0);
INSERT INTO `user_info` VALUES (61, 'test', 1, 20, '13000000059', 'byphone', 0);
INSERT INTO `user_info` VALUES (62, 'test', 1, 20, '13000000060', 'byphone', 0);
INSERT INTO `user_info` VALUES (63, 'test', 1, 20, '13000000061', 'byphone', 0);
INSERT INTO `user_info` VALUES (64, 'test', 1, 20, '13000000062', 'byphone', 0);
INSERT INTO `user_info` VALUES (65, 'test', 1, 20, '13000000063', 'byphone', 0);
INSERT INTO `user_info` VALUES (66, 'test', 1, 20, '13000000064', 'byphone', 0);
INSERT INTO `user_info` VALUES (67, 'test', 1, 20, '13000000065', 'byphone', 0);
INSERT INTO `user_info` VALUES (68, 'test', 1, 20, '13000000066', 'byphone', 0);
INSERT INTO `user_info` VALUES (69, 'test', 1, 20, '13000000067', 'byphone', 0);
INSERT INTO `user_info` VALUES (70, 'test', 1, 20, '13000000068', 'byphone', 0);
INSERT INTO `user_info` VALUES (71, 'test', 1, 20, '13000000069', 'byphone', 0);
INSERT INTO `user_info` VALUES (72, 'test', 1, 20, '13000000070', 'byphone', 0);
INSERT INTO `user_info` VALUES (73, 'test', 1, 20, '13000000071', 'byphone', 0);
INSERT INTO `user_info` VALUES (74, 'test', 1, 20, '13000000072', 'byphone', 0);
INSERT INTO `user_info` VALUES (75, 'test', 1, 20, '13000000073', 'byphone', 0);
INSERT INTO `user_info` VALUES (76, 'test', 1, 20, '13000000074', 'byphone', 0);
INSERT INTO `user_info` VALUES (77, 'test', 1, 20, '13000000075', 'byphone', 0);
INSERT INTO `user_info` VALUES (78, 'test', 1, 20, '13000000076', 'byphone', 0);
INSERT INTO `user_info` VALUES (79, 'test', 1, 20, '13000000077', 'byphone', 0);
INSERT INTO `user_info` VALUES (80, 'test', 1, 20, '13000000078', 'byphone', 0);
INSERT INTO `user_info` VALUES (81, 'test', 1, 20, '13000000079', 'byphone', 0);
INSERT INTO `user_info` VALUES (82, 'test', 1, 20, '13000000080', 'byphone', 0);
INSERT INTO `user_info` VALUES (83, 'test', 1, 20, '13000000081', 'byphone', 0);
INSERT INTO `user_info` VALUES (84, 'test', 1, 20, '13000000082', 'byphone', 0);
INSERT INTO `user_info` VALUES (85, 'test', 1, 20, '13000000083', 'byphone', 0);
INSERT INTO `user_info` VALUES (86, 'test', 1, 20, '13000000084', 'byphone', 0);
INSERT INTO `user_info` VALUES (87, 'test', 1, 20, '13000000085', 'byphone', 0);
INSERT INTO `user_info` VALUES (88, 'test', 1, 20, '13000000086', 'byphone', 0);
INSERT INTO `user_info` VALUES (89, 'test', 1, 20, '13000000087', 'byphone', 0);
INSERT INTO `user_info` VALUES (90, 'test', 1, 20, '13000000088', 'byphone', 0);
INSERT INTO `user_info` VALUES (91, 'test', 1, 20, '13000000089', 'byphone', 0);
INSERT INTO `user_info` VALUES (92, 'test', 1, 20, '13000000090', 'byphone', 0);
INSERT INTO `user_info` VALUES (93, 'test', 1, 20, '13000000091', 'byphone', 0);
INSERT INTO `user_info` VALUES (94, 'test', 1, 20, '13000000092', 'byphone', 0);
INSERT INTO `user_info` VALUES (95, 'test', 1, 20, '13000000093', 'byphone', 0);
INSERT INTO `user_info` VALUES (96, 'test', 1, 20, '13000000094', 'byphone', 0);
INSERT INTO `user_info` VALUES (97, 'test', 1, 20, '13000000095', 'byphone', 0);
INSERT INTO `user_info` VALUES (98, 'test', 1, 20, '13000000096', 'byphone', 0);
INSERT INTO `user_info` VALUES (99, 'test', 1, 20, '13000000097', 'byphone', 0);
INSERT INTO `user_info` VALUES (100, 'test', 1, 20, '13000000098', 'byphone', 0);
INSERT INTO `user_info` VALUES (101, 'test', 1, 20, '13000000099', 'byphone', 0);
INSERT INTO `user_info` VALUES (102, 'test', 1, 20, '13000000100', 'byphone', 0);
INSERT INTO `user_info` VALUES (103, 'test', 1, 20, '13000000101', 'byphone', 0);
INSERT INTO `user_info` VALUES (104, 'test', 1, 20, '13000000102', 'byphone', 0);
INSERT INTO `user_info` VALUES (105, 'test', 1, 20, '13000000103', 'byphone', 0);
INSERT INTO `user_info` VALUES (106, 'test', 1, 20, '13000000104', 'byphone', 0);
INSERT INTO `user_info` VALUES (107, 'test', 1, 20, '13000000105', 'byphone', 0);
INSERT INTO `user_info` VALUES (108, 'test', 1, 20, '13000000106', 'byphone', 0);
INSERT INTO `user_info` VALUES (109, 'test', 1, 20, '13000000107', 'byphone', 0);
INSERT INTO `user_info` VALUES (110, 'test', 1, 20, '13000000108', 'byphone', 0);
INSERT INTO `user_info` VALUES (111, 'test', 1, 20, '13000000109', 'byphone', 0);
INSERT INTO `user_info` VALUES (112, 'test', 1, 20, '13000000110', 'byphone', 0);
INSERT INTO `user_info` VALUES (113, 'test', 1, 20, '13000000111', 'byphone', 0);
INSERT INTO `user_info` VALUES (114, 'test', 1, 20, '13000000112', 'byphone', 0);
INSERT INTO `user_info` VALUES (115, 'test', 1, 20, '13000000113', 'byphone', 0);
INSERT INTO `user_info` VALUES (116, 'test', 1, 20, '13000000114', 'byphone', 0);
INSERT INTO `user_info` VALUES (117, 'test', 1, 20, '13000000115', 'byphone', 0);
INSERT INTO `user_info` VALUES (118, 'test', 1, 20, '13000000116', 'byphone', 0);
INSERT INTO `user_info` VALUES (119, 'test', 1, 20, '13000000117', 'byphone', 0);
INSERT INTO `user_info` VALUES (120, 'test', 1, 20, '13000000118', 'byphone', 0);
INSERT INTO `user_info` VALUES (121, 'test', 1, 20, '13000000119', 'byphone', 0);
INSERT INTO `user_info` VALUES (122, 'test', 1, 20, '13000000120', 'byphone', 0);
INSERT INTO `user_info` VALUES (123, 'test', 1, 20, '13000000121', 'byphone', 0);
INSERT INTO `user_info` VALUES (124, 'test', 1, 20, '13000000122', 'byphone', 0);
INSERT INTO `user_info` VALUES (125, 'test', 1, 20, '13000000123', 'byphone', 0);
INSERT INTO `user_info` VALUES (126, 'test', 1, 20, '13000000124', 'byphone', 0);
INSERT INTO `user_info` VALUES (127, 'test', 1, 20, '13000000125', 'byphone', 0);
INSERT INTO `user_info` VALUES (128, 'test', 1, 20, '13000000126', 'byphone', 0);
INSERT INTO `user_info` VALUES (129, 'test', 1, 20, '13000000127', 'byphone', 0);
INSERT INTO `user_info` VALUES (130, 'test', 1, 20, '13000000128', 'byphone', 0);
INSERT INTO `user_info` VALUES (131, 'test', 1, 20, '13000000129', 'byphone', 0);
INSERT INTO `user_info` VALUES (132, 'test', 1, 20, '13000000130', 'byphone', 0);
INSERT INTO `user_info` VALUES (133, 'test', 1, 20, '13000000131', 'byphone', 0);
INSERT INTO `user_info` VALUES (134, 'test', 1, 20, '13000000132', 'byphone', 0);
INSERT INTO `user_info` VALUES (135, 'test', 1, 20, '13000000133', 'byphone', 0);
INSERT INTO `user_info` VALUES (136, 'test', 1, 20, '13000000134', 'byphone', 0);
INSERT INTO `user_info` VALUES (137, 'test', 1, 20, '13000000135', 'byphone', 0);
INSERT INTO `user_info` VALUES (138, 'test', 1, 20, '13000000136', 'byphone', 0);
INSERT INTO `user_info` VALUES (139, 'test', 1, 20, '13000000137', 'byphone', 0);
INSERT INTO `user_info` VALUES (140, 'test', 1, 20, '13000000138', 'byphone', 0);
INSERT INTO `user_info` VALUES (141, 'test', 1, 20, '13000000139', 'byphone', 0);
INSERT INTO `user_info` VALUES (142, 'test', 1, 20, '13000000140', 'byphone', 0);
INSERT INTO `user_info` VALUES (143, 'test', 1, 20, '13000000141', 'byphone', 0);
INSERT INTO `user_info` VALUES (144, 'test', 1, 20, '13000000142', 'byphone', 0);
INSERT INTO `user_info` VALUES (145, 'test', 1, 20, '13000000143', 'byphone', 0);
INSERT INTO `user_info` VALUES (146, 'test', 1, 20, '13000000144', 'byphone', 0);
INSERT INTO `user_info` VALUES (147, 'test', 1, 20, '13000000145', 'byphone', 0);
INSERT INTO `user_info` VALUES (148, 'test', 1, 20, '13000000146', 'byphone', 0);
INSERT INTO `user_info` VALUES (149, 'test', 1, 20, '13000000147', 'byphone', 0);
INSERT INTO `user_info` VALUES (150, 'test', 1, 20, '13000000148', 'byphone', 0);
INSERT INTO `user_info` VALUES (151, 'test', 1, 20, '13000000149', 'byphone', 0);
INSERT INTO `user_info` VALUES (152, 'test', 1, 20, '13000000150', 'byphone', 0);
INSERT INTO `user_info` VALUES (153, 'test', 1, 20, '13000000151', 'byphone', 0);
INSERT INTO `user_info` VALUES (154, 'test', 1, 20, '13000000152', 'byphone', 0);
INSERT INTO `user_info` VALUES (155, 'test', 1, 20, '13000000153', 'byphone', 0);
INSERT INTO `user_info` VALUES (156, 'test', 1, 20, '13000000154', 'byphone', 0);
INSERT INTO `user_info` VALUES (157, 'test', 1, 20, '13000000155', 'byphone', 0);
INSERT INTO `user_info` VALUES (158, 'test', 1, 20, '13000000156', 'byphone', 0);
INSERT INTO `user_info` VALUES (159, 'test', 1, 20, '13000000157', 'byphone', 0);
INSERT INTO `user_info` VALUES (160, 'test', 1, 20, '13000000158', 'byphone', 0);
INSERT INTO `user_info` VALUES (161, 'test', 1, 20, '13000000159', 'byphone', 0);
INSERT INTO `user_info` VALUES (162, 'test', 1, 20, '13000000160', 'byphone', 0);
INSERT INTO `user_info` VALUES (163, 'test', 1, 20, '13000000161', 'byphone', 0);
INSERT INTO `user_info` VALUES (164, 'test', 1, 20, '13000000162', 'byphone', 0);
INSERT INTO `user_info` VALUES (165, 'test', 1, 20, '13000000163', 'byphone', 0);
INSERT INTO `user_info` VALUES (166, 'test', 1, 20, '13000000164', 'byphone', 0);
INSERT INTO `user_info` VALUES (167, 'test', 1, 20, '13000000165', 'byphone', 0);
INSERT INTO `user_info` VALUES (168, 'test', 1, 20, '13000000166', 'byphone', 0);
INSERT INTO `user_info` VALUES (169, 'test', 1, 20, '13000000167', 'byphone', 0);
INSERT INTO `user_info` VALUES (170, 'test', 1, 20, '13000000168', 'byphone', 0);
INSERT INTO `user_info` VALUES (171, 'test', 1, 20, '13000000169', 'byphone', 0);
INSERT INTO `user_info` VALUES (172, 'test', 1, 20, '13000000170', 'byphone', 0);
INSERT INTO `user_info` VALUES (173, 'test', 1, 20, '13000000171', 'byphone', 0);
INSERT INTO `user_info` VALUES (174, 'test', 1, 20, '13000000172', 'byphone', 0);
INSERT INTO `user_info` VALUES (175, 'test', 1, 20, '13000000173', 'byphone', 0);
INSERT INTO `user_info` VALUES (176, 'test', 1, 20, '13000000174', 'byphone', 0);
INSERT INTO `user_info` VALUES (177, 'test', 1, 20, '13000000175', 'byphone', 0);
INSERT INTO `user_info` VALUES (178, 'test', 1, 20, '13000000176', 'byphone', 0);
INSERT INTO `user_info` VALUES (179, 'test', 1, 20, '13000000177', 'byphone', 0);
INSERT INTO `user_info` VALUES (180, 'test', 1, 20, '13000000178', 'byphone', 0);
INSERT INTO `user_info` VALUES (181, 'test', 1, 20, '13000000179', 'byphone', 0);
INSERT INTO `user_info` VALUES (182, 'test', 1, 20, '13000000180', 'byphone', 0);
INSERT INTO `user_info` VALUES (183, 'test', 1, 20, '13000000181', 'byphone', 0);
INSERT INTO `user_info` VALUES (184, 'test', 1, 20, '13000000182', 'byphone', 0);
INSERT INTO `user_info` VALUES (185, 'test', 1, 20, '13000000183', 'byphone', 0);
INSERT INTO `user_info` VALUES (186, 'test', 1, 20, '13000000184', 'byphone', 0);
INSERT INTO `user_info` VALUES (187, 'test', 1, 20, '13000000185', 'byphone', 0);
INSERT INTO `user_info` VALUES (188, 'test', 1, 20, '13000000186', 'byphone', 0);
INSERT INTO `user_info` VALUES (189, 'test', 1, 20, '13000000187', 'byphone', 0);
INSERT INTO `user_info` VALUES (190, 'test', 1, 20, '13000000188', 'byphone', 0);
INSERT INTO `user_info` VALUES (191, 'test', 1, 20, '13000000189', 'byphone', 0);
INSERT INTO `user_info` VALUES (192, 'test', 1, 20, '13000000190', 'byphone', 0);
INSERT INTO `user_info` VALUES (193, 'test', 1, 20, '13000000191', 'byphone', 0);
INSERT INTO `user_info` VALUES (194, 'test', 1, 20, '13000000192', 'byphone', 0);
INSERT INTO `user_info` VALUES (195, 'test', 1, 20, '13000000193', 'byphone', 0);
INSERT INTO `user_info` VALUES (196, 'test', 1, 20, '13000000194', 'byphone', 0);
INSERT INTO `user_info` VALUES (197, 'test', 1, 20, '13000000195', 'byphone', 0);
INSERT INTO `user_info` VALUES (198, 'test', 1, 20, '13000000196', 'byphone', 0);
INSERT INTO `user_info` VALUES (199, 'test', 1, 20, '13000000197', 'byphone', 0);
INSERT INTO `user_info` VALUES (200, 'test', 1, 20, '13000000198', 'byphone', 0);
INSERT INTO `user_info` VALUES (201, 'test', 1, 20, '13000000199', 'byphone', 0);
INSERT INTO `user_info` VALUES (202, 'test', 1, 20, '13000000200', 'byphone', 0);
INSERT INTO `user_info` VALUES (203, 'test', 1, 20, '13000000201', 'byphone', 0);
INSERT INTO `user_info` VALUES (204, 'test', 1, 20, '13000000202', 'byphone', 0);
INSERT INTO `user_info` VALUES (205, 'test', 1, 20, '13000000203', 'byphone', 0);
INSERT INTO `user_info` VALUES (206, 'test', 1, 20, '13000000204', 'byphone', 0);
INSERT INTO `user_info` VALUES (207, 'test', 1, 20, '13000000205', 'byphone', 0);
INSERT INTO `user_info` VALUES (208, 'test', 1, 20, '13000000206', 'byphone', 0);
INSERT INTO `user_info` VALUES (209, 'test', 1, 20, '13000000207', 'byphone', 0);
INSERT INTO `user_info` VALUES (210, 'test', 1, 20, '13000000208', 'byphone', 0);
INSERT INTO `user_info` VALUES (211, 'test', 1, 20, '13000000209', 'byphone', 0);
INSERT INTO `user_info` VALUES (212, 'test', 1, 20, '13000000210', 'byphone', 0);
INSERT INTO `user_info` VALUES (213, 'test', 1, 20, '13000000211', 'byphone', 0);
INSERT INTO `user_info` VALUES (214, 'test', 1, 20, '13000000212', 'byphone', 0);
INSERT INTO `user_info` VALUES (215, 'test', 1, 20, '13000000213', 'byphone', 0);
INSERT INTO `user_info` VALUES (216, 'test', 1, 20, '13000000214', 'byphone', 0);
INSERT INTO `user_info` VALUES (217, 'test', 1, 20, '13000000215', 'byphone', 0);
INSERT INTO `user_info` VALUES (218, 'test', 1, 20, '13000000216', 'byphone', 0);
INSERT INTO `user_info` VALUES (219, 'test', 1, 20, '13000000217', 'byphone', 0);
INSERT INTO `user_info` VALUES (220, 'test', 1, 20, '13000000218', 'byphone', 0);
INSERT INTO `user_info` VALUES (221, 'test', 1, 20, '13000000219', 'byphone', 0);
INSERT INTO `user_info` VALUES (222, 'test', 1, 20, '13000000220', 'byphone', 0);
INSERT INTO `user_info` VALUES (223, 'test', 1, 20, '13000000221', 'byphone', 0);
INSERT INTO `user_info` VALUES (224, 'test', 1, 20, '13000000222', 'byphone', 0);
INSERT INTO `user_info` VALUES (225, 'test', 1, 20, '13000000223', 'byphone', 0);
INSERT INTO `user_info` VALUES (226, 'test', 1, 20, '13000000224', 'byphone', 0);
INSERT INTO `user_info` VALUES (227, 'test', 1, 20, '13000000225', 'byphone', 0);
INSERT INTO `user_info` VALUES (228, 'test', 1, 20, '13000000226', 'byphone', 0);
INSERT INTO `user_info` VALUES (229, 'test', 1, 20, '13000000227', 'byphone', 0);
INSERT INTO `user_info` VALUES (230, 'test', 1, 20, '13000000228', 'byphone', 0);
INSERT INTO `user_info` VALUES (231, 'test', 1, 20, '13000000229', 'byphone', 0);
INSERT INTO `user_info` VALUES (232, 'test', 1, 20, '13000000230', 'byphone', 0);
INSERT INTO `user_info` VALUES (233, 'test', 1, 20, '13000000231', 'byphone', 0);
INSERT INTO `user_info` VALUES (234, 'test', 1, 20, '13000000232', 'byphone', 0);
INSERT INTO `user_info` VALUES (235, 'test', 1, 20, '13000000233', 'byphone', 0);
INSERT INTO `user_info` VALUES (236, 'test', 1, 20, '13000000234', 'byphone', 0);
INSERT INTO `user_info` VALUES (237, 'test', 1, 20, '13000000235', 'byphone', 0);
INSERT INTO `user_info` VALUES (238, 'test', 1, 20, '13000000236', 'byphone', 0);
INSERT INTO `user_info` VALUES (239, 'test', 1, 20, '13000000237', 'byphone', 0);
INSERT INTO `user_info` VALUES (240, 'test', 1, 20, '13000000238', 'byphone', 0);
INSERT INTO `user_info` VALUES (241, 'test', 1, 20, '13000000239', 'byphone', 0);
INSERT INTO `user_info` VALUES (242, 'test', 1, 20, '13000000240', 'byphone', 0);
INSERT INTO `user_info` VALUES (243, 'test', 1, 20, '13000000241', 'byphone', 0);
INSERT INTO `user_info` VALUES (244, 'test', 1, 20, '13000000242', 'byphone', 0);
INSERT INTO `user_info` VALUES (245, 'test', 1, 20, '13000000243', 'byphone', 0);
INSERT INTO `user_info` VALUES (246, 'test', 1, 20, '13000000244', 'byphone', 0);
INSERT INTO `user_info` VALUES (247, 'test', 1, 20, '13000000245', 'byphone', 0);
INSERT INTO `user_info` VALUES (248, 'test', 1, 20, '13000000246', 'byphone', 0);
INSERT INTO `user_info` VALUES (249, 'test', 1, 20, '13000000247', 'byphone', 0);
INSERT INTO `user_info` VALUES (250, 'test', 1, 20, '13000000248', 'byphone', 0);
INSERT INTO `user_info` VALUES (251, 'test', 1, 20, '13000000249', 'byphone', 0);
INSERT INTO `user_info` VALUES (252, 'test', 1, 20, '13000000250', 'byphone', 0);
INSERT INTO `user_info` VALUES (253, 'test', 1, 20, '13000000251', 'byphone', 0);
INSERT INTO `user_info` VALUES (254, 'test', 1, 20, '13000000252', 'byphone', 0);
INSERT INTO `user_info` VALUES (255, 'test', 1, 20, '13000000253', 'byphone', 0);
INSERT INTO `user_info` VALUES (256, 'test', 1, 20, '13000000254', 'byphone', 0);
INSERT INTO `user_info` VALUES (257, 'test', 1, 20, '13000000255', 'byphone', 0);
INSERT INTO `user_info` VALUES (258, 'test', 1, 20, '13000000256', 'byphone', 0);
INSERT INTO `user_info` VALUES (259, 'test', 1, 20, '13000000257', 'byphone', 0);
INSERT INTO `user_info` VALUES (260, 'test', 1, 20, '13000000258', 'byphone', 0);
INSERT INTO `user_info` VALUES (261, 'test', 1, 20, '13000000259', 'byphone', 0);
INSERT INTO `user_info` VALUES (262, 'test', 1, 20, '13000000260', 'byphone', 0);
INSERT INTO `user_info` VALUES (263, 'test', 1, 20, '13000000261', 'byphone', 0);
INSERT INTO `user_info` VALUES (264, 'test', 1, 20, '13000000262', 'byphone', 0);
INSERT INTO `user_info` VALUES (265, 'test', 1, 20, '13000000263', 'byphone', 0);
INSERT INTO `user_info` VALUES (266, 'test', 1, 20, '13000000264', 'byphone', 0);
INSERT INTO `user_info` VALUES (267, 'test', 1, 20, '13000000265', 'byphone', 0);
INSERT INTO `user_info` VALUES (268, 'test', 1, 20, '13000000266', 'byphone', 0);
INSERT INTO `user_info` VALUES (269, 'test', 1, 20, '13000000267', 'byphone', 0);
INSERT INTO `user_info` VALUES (270, 'test', 1, 20, '13000000268', 'byphone', 0);
INSERT INTO `user_info` VALUES (271, 'test', 1, 20, '13000000269', 'byphone', 0);
INSERT INTO `user_info` VALUES (272, 'test', 1, 20, '13000000270', 'byphone', 0);
INSERT INTO `user_info` VALUES (273, 'test', 1, 20, '13000000271', 'byphone', 0);
INSERT INTO `user_info` VALUES (274, 'test', 1, 20, '13000000272', 'byphone', 0);
INSERT INTO `user_info` VALUES (275, 'test', 1, 20, '13000000273', 'byphone', 0);
INSERT INTO `user_info` VALUES (276, 'test', 1, 20, '13000000274', 'byphone', 0);
INSERT INTO `user_info` VALUES (277, 'test', 1, 20, '13000000275', 'byphone', 0);
INSERT INTO `user_info` VALUES (278, 'test', 1, 20, '13000000276', 'byphone', 0);
INSERT INTO `user_info` VALUES (279, 'test', 1, 20, '13000000277', 'byphone', 0);
INSERT INTO `user_info` VALUES (280, 'test', 1, 20, '13000000278', 'byphone', 0);
INSERT INTO `user_info` VALUES (281, 'test', 1, 20, '13000000279', 'byphone', 0);
INSERT INTO `user_info` VALUES (282, 'test', 1, 20, '13000000280', 'byphone', 0);
INSERT INTO `user_info` VALUES (283, 'test', 1, 20, '13000000281', 'byphone', 0);
INSERT INTO `user_info` VALUES (284, 'test', 1, 20, '13000000282', 'byphone', 0);
INSERT INTO `user_info` VALUES (285, 'test', 1, 20, '13000000283', 'byphone', 0);
INSERT INTO `user_info` VALUES (286, 'test', 1, 20, '13000000284', 'byphone', 0);
INSERT INTO `user_info` VALUES (287, 'test', 1, 20, '13000000285', 'byphone', 0);
INSERT INTO `user_info` VALUES (288, 'test', 1, 20, '13000000286', 'byphone', 0);
INSERT INTO `user_info` VALUES (289, 'test', 1, 20, '13000000287', 'byphone', 0);
INSERT INTO `user_info` VALUES (290, 'test', 1, 20, '13000000288', 'byphone', 0);
INSERT INTO `user_info` VALUES (291, 'test', 1, 20, '13000000289', 'byphone', 0);
INSERT INTO `user_info` VALUES (292, 'test', 1, 20, '13000000290', 'byphone', 0);
INSERT INTO `user_info` VALUES (293, 'test', 1, 20, '13000000291', 'byphone', 0);
INSERT INTO `user_info` VALUES (294, 'test', 1, 20, '13000000292', 'byphone', 0);
INSERT INTO `user_info` VALUES (295, 'test', 1, 20, '13000000293', 'byphone', 0);
INSERT INTO `user_info` VALUES (296, 'test', 1, 20, '13000000294', 'byphone', 0);
INSERT INTO `user_info` VALUES (297, 'test', 1, 20, '13000000295', 'byphone', 0);
INSERT INTO `user_info` VALUES (298, 'test', 1, 20, '13000000296', 'byphone', 0);
INSERT INTO `user_info` VALUES (299, 'test', 1, 20, '13000000297', 'byphone', 0);
INSERT INTO `user_info` VALUES (300, 'test', 1, 20, '13000000298', 'byphone', 0);
INSERT INTO `user_info` VALUES (301, 'test', 1, 20, '13000000299', 'byphone', 0);
INSERT INTO `user_info` VALUES (302, 'test', 1, 20, '13000000300', 'byphone', 0);
INSERT INTO `user_info` VALUES (303, 'test', 1, 20, '13000000301', 'byphone', 0);
INSERT INTO `user_info` VALUES (304, 'test', 1, 20, '13000000302', 'byphone', 0);
INSERT INTO `user_info` VALUES (305, 'test', 1, 20, '13000000303', 'byphone', 0);
INSERT INTO `user_info` VALUES (306, 'test', 1, 20, '13000000304', 'byphone', 0);
INSERT INTO `user_info` VALUES (307, 'test', 1, 20, '13000000305', 'byphone', 0);
INSERT INTO `user_info` VALUES (308, 'test', 1, 20, '13000000306', 'byphone', 0);
INSERT INTO `user_info` VALUES (309, 'test', 1, 20, '13000000307', 'byphone', 0);
INSERT INTO `user_info` VALUES (310, 'test', 1, 20, '13000000308', 'byphone', 0);
INSERT INTO `user_info` VALUES (311, 'test', 1, 20, '13000000309', 'byphone', 0);
INSERT INTO `user_info` VALUES (312, 'test', 1, 20, '13000000310', 'byphone', 0);
INSERT INTO `user_info` VALUES (313, 'test', 1, 20, '13000000311', 'byphone', 0);
INSERT INTO `user_info` VALUES (314, 'test', 1, 20, '13000000312', 'byphone', 0);
INSERT INTO `user_info` VALUES (315, 'test', 1, 20, '13000000313', 'byphone', 0);
INSERT INTO `user_info` VALUES (316, 'test', 1, 20, '13000000314', 'byphone', 0);
INSERT INTO `user_info` VALUES (317, 'test', 1, 20, '13000000315', 'byphone', 0);
INSERT INTO `user_info` VALUES (318, 'test', 1, 20, '13000000316', 'byphone', 0);
INSERT INTO `user_info` VALUES (319, 'test', 1, 20, '13000000317', 'byphone', 0);
INSERT INTO `user_info` VALUES (320, 'test', 1, 20, '13000000318', 'byphone', 0);
INSERT INTO `user_info` VALUES (321, 'test', 1, 20, '13000000319', 'byphone', 0);
INSERT INTO `user_info` VALUES (322, 'test', 1, 20, '13000000320', 'byphone', 0);
INSERT INTO `user_info` VALUES (323, 'test', 1, 20, '13000000321', 'byphone', 0);
INSERT INTO `user_info` VALUES (324, 'test', 1, 20, '13000000322', 'byphone', 0);
INSERT INTO `user_info` VALUES (325, 'test', 1, 20, '13000000323', 'byphone', 0);
INSERT INTO `user_info` VALUES (326, 'test', 1, 20, '13000000324', 'byphone', 0);
INSERT INTO `user_info` VALUES (327, 'test', 1, 20, '13000000325', 'byphone', 0);
INSERT INTO `user_info` VALUES (328, 'test', 1, 20, '13000000326', 'byphone', 0);
INSERT INTO `user_info` VALUES (329, 'test', 1, 20, '13000000327', 'byphone', 0);
INSERT INTO `user_info` VALUES (330, 'test', 1, 20, '13000000328', 'byphone', 0);
INSERT INTO `user_info` VALUES (331, 'test', 1, 20, '13000000329', 'byphone', 0);
INSERT INTO `user_info` VALUES (332, 'test', 1, 20, '13000000330', 'byphone', 0);
INSERT INTO `user_info` VALUES (333, 'test', 1, 20, '13000000331', 'byphone', 0);
INSERT INTO `user_info` VALUES (334, 'test', 1, 20, '13000000332', 'byphone', 0);
INSERT INTO `user_info` VALUES (335, 'test', 1, 20, '13000000333', 'byphone', 0);
INSERT INTO `user_info` VALUES (336, 'test', 1, 20, '13000000334', 'byphone', 0);
INSERT INTO `user_info` VALUES (337, 'test', 1, 20, '13000000335', 'byphone', 0);
INSERT INTO `user_info` VALUES (338, 'test', 1, 20, '13000000336', 'byphone', 0);
INSERT INTO `user_info` VALUES (339, 'test', 1, 20, '13000000337', 'byphone', 0);
INSERT INTO `user_info` VALUES (340, 'test', 1, 20, '13000000338', 'byphone', 0);
INSERT INTO `user_info` VALUES (341, 'test', 1, 20, '13000000339', 'byphone', 0);
INSERT INTO `user_info` VALUES (342, 'test', 1, 20, '13000000340', 'byphone', 0);
INSERT INTO `user_info` VALUES (343, 'test', 1, 20, '13000000341', 'byphone', 0);
INSERT INTO `user_info` VALUES (344, 'test', 1, 20, '13000000342', 'byphone', 0);
INSERT INTO `user_info` VALUES (345, 'test', 1, 20, '13000000343', 'byphone', 0);
INSERT INTO `user_info` VALUES (346, 'test', 1, 20, '13000000344', 'byphone', 0);
INSERT INTO `user_info` VALUES (347, 'test', 1, 20, '13000000345', 'byphone', 0);
INSERT INTO `user_info` VALUES (348, 'test', 1, 20, '13000000346', 'byphone', 0);
INSERT INTO `user_info` VALUES (349, 'test', 1, 20, '13000000347', 'byphone', 0);
INSERT INTO `user_info` VALUES (350, 'test', 1, 20, '13000000348', 'byphone', 0);
INSERT INTO `user_info` VALUES (351, 'test', 1, 20, '13000000349', 'byphone', 0);
INSERT INTO `user_info` VALUES (352, 'test', 1, 20, '13000000350', 'byphone', 0);
INSERT INTO `user_info` VALUES (353, 'test', 1, 20, '13000000351', 'byphone', 0);
INSERT INTO `user_info` VALUES (354, 'test', 1, 20, '13000000352', 'byphone', 0);
INSERT INTO `user_info` VALUES (355, 'test', 1, 20, '13000000353', 'byphone', 0);
INSERT INTO `user_info` VALUES (356, 'test', 1, 20, '13000000354', 'byphone', 0);
INSERT INTO `user_info` VALUES (357, 'test', 1, 20, '13000000355', 'byphone', 0);
INSERT INTO `user_info` VALUES (358, 'test', 1, 20, '13000000356', 'byphone', 0);
INSERT INTO `user_info` VALUES (359, 'test', 1, 20, '13000000357', 'byphone', 0);
INSERT INTO `user_info` VALUES (360, 'test', 1, 20, '13000000358', 'byphone', 0);
INSERT INTO `user_info` VALUES (361, 'test', 1, 20, '13000000359', 'byphone', 0);
INSERT INTO `user_info` VALUES (362, 'test', 1, 20, '13000000360', 'byphone', 0);
INSERT INTO `user_info` VALUES (363, 'test', 1, 20, '13000000361', 'byphone', 0);
INSERT INTO `user_info` VALUES (364, 'test', 1, 20, '13000000362', 'byphone', 0);
INSERT INTO `user_info` VALUES (365, 'test', 1, 20, '13000000363', 'byphone', 0);
INSERT INTO `user_info` VALUES (366, 'test', 1, 20, '13000000364', 'byphone', 0);
INSERT INTO `user_info` VALUES (367, 'test', 1, 20, '13000000365', 'byphone', 0);
INSERT INTO `user_info` VALUES (368, 'test', 1, 20, '13000000366', 'byphone', 0);
INSERT INTO `user_info` VALUES (369, 'test', 1, 20, '13000000367', 'byphone', 0);
INSERT INTO `user_info` VALUES (370, 'test', 1, 20, '13000000368', 'byphone', 0);
INSERT INTO `user_info` VALUES (371, 'test', 1, 20, '13000000369', 'byphone', 0);
INSERT INTO `user_info` VALUES (372, 'test', 1, 20, '13000000370', 'byphone', 0);
INSERT INTO `user_info` VALUES (373, 'test', 1, 20, '13000000371', 'byphone', 0);
INSERT INTO `user_info` VALUES (374, 'test', 1, 20, '13000000372', 'byphone', 0);
INSERT INTO `user_info` VALUES (375, 'test', 1, 20, '13000000373', 'byphone', 0);
INSERT INTO `user_info` VALUES (376, 'test', 1, 20, '13000000374', 'byphone', 0);
INSERT INTO `user_info` VALUES (377, 'test', 1, 20, '13000000375', 'byphone', 0);
INSERT INTO `user_info` VALUES (378, 'test', 1, 20, '13000000376', 'byphone', 0);
INSERT INTO `user_info` VALUES (379, 'test', 1, 20, '13000000377', 'byphone', 0);
INSERT INTO `user_info` VALUES (380, 'test', 1, 20, '13000000378', 'byphone', 0);
INSERT INTO `user_info` VALUES (381, 'test', 1, 20, '13000000379', 'byphone', 0);
INSERT INTO `user_info` VALUES (382, 'test', 1, 20, '13000000380', 'byphone', 0);
INSERT INTO `user_info` VALUES (383, 'test', 1, 20, '13000000381', 'byphone', 0);
INSERT INTO `user_info` VALUES (384, 'test', 1, 20, '13000000382', 'byphone', 0);
INSERT INTO `user_info` VALUES (385, 'test', 1, 20, '13000000383', 'byphone', 0);
INSERT INTO `user_info` VALUES (386, 'test', 1, 20, '13000000384', 'byphone', 0);
INSERT INTO `user_info` VALUES (387, 'test', 1, 20, '13000000385', 'byphone', 0);
INSERT INTO `user_info` VALUES (388, 'test', 1, 20, '13000000386', 'byphone', 0);
INSERT INTO `user_info` VALUES (389, 'test', 1, 20, '13000000387', 'byphone', 0);
INSERT INTO `user_info` VALUES (390, 'test', 1, 20, '13000000388', 'byphone', 0);
INSERT INTO `user_info` VALUES (391, 'test', 1, 20, '13000000389', 'byphone', 0);
INSERT INTO `user_info` VALUES (392, 'test', 1, 20, '13000000390', 'byphone', 0);
INSERT INTO `user_info` VALUES (393, 'test', 1, 20, '13000000391', 'byphone', 0);
INSERT INTO `user_info` VALUES (394, 'test', 1, 20, '13000000392', 'byphone', 0);
INSERT INTO `user_info` VALUES (395, 'test', 1, 20, '13000000393', 'byphone', 0);
INSERT INTO `user_info` VALUES (396, 'test', 1, 20, '13000000394', 'byphone', 0);
INSERT INTO `user_info` VALUES (397, 'test', 1, 20, '13000000395', 'byphone', 0);
INSERT INTO `user_info` VALUES (398, 'test', 1, 20, '13000000396', 'byphone', 0);
INSERT INTO `user_info` VALUES (399, 'test', 1, 20, '13000000397', 'byphone', 0);
INSERT INTO `user_info` VALUES (400, 'test', 1, 20, '13000000398', 'byphone', 0);
INSERT INTO `user_info` VALUES (401, 'test', 1, 20, '13000000399', 'byphone', 0);
INSERT INTO `user_info` VALUES (402, 'test', 1, 20, '13000000400', 'byphone', 0);
INSERT INTO `user_info` VALUES (403, 'test', 1, 20, '13000000401', 'byphone', 0);
INSERT INTO `user_info` VALUES (404, 'test', 1, 20, '13000000402', 'byphone', 0);
INSERT INTO `user_info` VALUES (405, 'test', 1, 20, '13000000403', 'byphone', 0);
INSERT INTO `user_info` VALUES (406, 'test', 1, 20, '13000000404', 'byphone', 0);
INSERT INTO `user_info` VALUES (407, 'test', 1, 20, '13000000405', 'byphone', 0);
INSERT INTO `user_info` VALUES (408, 'test', 1, 20, '13000000406', 'byphone', 0);
INSERT INTO `user_info` VALUES (409, 'test', 1, 20, '13000000407', 'byphone', 0);
INSERT INTO `user_info` VALUES (410, 'test', 1, 20, '13000000408', 'byphone', 0);
INSERT INTO `user_info` VALUES (411, 'test', 1, 20, '13000000409', 'byphone', 0);
INSERT INTO `user_info` VALUES (412, 'test', 1, 20, '13000000410', 'byphone', 0);
INSERT INTO `user_info` VALUES (413, 'test', 1, 20, '13000000411', 'byphone', 0);
INSERT INTO `user_info` VALUES (414, 'test', 1, 20, '13000000412', 'byphone', 0);
INSERT INTO `user_info` VALUES (415, 'test', 1, 20, '13000000413', 'byphone', 0);
INSERT INTO `user_info` VALUES (416, 'test', 1, 20, '13000000414', 'byphone', 0);
INSERT INTO `user_info` VALUES (417, 'test', 1, 20, '13000000415', 'byphone', 0);
INSERT INTO `user_info` VALUES (418, 'test', 1, 20, '13000000416', 'byphone', 0);
INSERT INTO `user_info` VALUES (419, 'test', 1, 20, '13000000417', 'byphone', 0);
INSERT INTO `user_info` VALUES (420, 'test', 1, 20, '13000000418', 'byphone', 0);
INSERT INTO `user_info` VALUES (421, 'test', 1, 20, '13000000419', 'byphone', 0);
INSERT INTO `user_info` VALUES (422, 'test', 1, 20, '13000000420', 'byphone', 0);
INSERT INTO `user_info` VALUES (423, 'test', 1, 20, '13000000421', 'byphone', 0);
INSERT INTO `user_info` VALUES (424, 'test', 1, 20, '13000000422', 'byphone', 0);
INSERT INTO `user_info` VALUES (425, 'test', 1, 20, '13000000423', 'byphone', 0);
INSERT INTO `user_info` VALUES (426, 'test', 1, 20, '13000000424', 'byphone', 0);
INSERT INTO `user_info` VALUES (427, 'test', 1, 20, '13000000425', 'byphone', 0);
INSERT INTO `user_info` VALUES (428, 'test', 1, 20, '13000000426', 'byphone', 0);
INSERT INTO `user_info` VALUES (429, 'test', 1, 20, '13000000427', 'byphone', 0);
INSERT INTO `user_info` VALUES (430, 'test', 1, 20, '13000000428', 'byphone', 0);
INSERT INTO `user_info` VALUES (431, 'test', 1, 20, '13000000429', 'byphone', 0);
INSERT INTO `user_info` VALUES (432, 'test', 1, 20, '13000000430', 'byphone', 0);
INSERT INTO `user_info` VALUES (433, 'test', 1, 20, '13000000431', 'byphone', 0);
INSERT INTO `user_info` VALUES (434, 'test', 1, 20, '13000000432', 'byphone', 0);
INSERT INTO `user_info` VALUES (435, 'test', 1, 20, '13000000433', 'byphone', 0);
INSERT INTO `user_info` VALUES (436, 'test', 1, 20, '13000000434', 'byphone', 0);
INSERT INTO `user_info` VALUES (437, 'test', 1, 20, '13000000435', 'byphone', 0);
INSERT INTO `user_info` VALUES (438, 'test', 1, 20, '13000000436', 'byphone', 0);
INSERT INTO `user_info` VALUES (439, 'test', 1, 20, '13000000437', 'byphone', 0);
INSERT INTO `user_info` VALUES (440, 'test', 1, 20, '13000000438', 'byphone', 0);
INSERT INTO `user_info` VALUES (441, 'test', 1, 20, '13000000439', 'byphone', 0);
INSERT INTO `user_info` VALUES (442, 'test', 1, 20, '13000000440', 'byphone', 0);
INSERT INTO `user_info` VALUES (443, 'test', 1, 20, '13000000441', 'byphone', 0);
INSERT INTO `user_info` VALUES (444, 'test', 1, 20, '13000000442', 'byphone', 0);
INSERT INTO `user_info` VALUES (445, 'test', 1, 20, '13000000443', 'byphone', 0);
INSERT INTO `user_info` VALUES (446, 'test', 1, 20, '13000000444', 'byphone', 0);
INSERT INTO `user_info` VALUES (447, 'test', 1, 20, '13000000445', 'byphone', 0);
INSERT INTO `user_info` VALUES (448, 'test', 1, 20, '13000000446', 'byphone', 0);
INSERT INTO `user_info` VALUES (449, 'test', 1, 20, '13000000447', 'byphone', 0);
INSERT INTO `user_info` VALUES (450, 'test', 1, 20, '13000000448', 'byphone', 0);
INSERT INTO `user_info` VALUES (451, 'test', 1, 20, '13000000449', 'byphone', 0);
INSERT INTO `user_info` VALUES (452, 'test', 1, 20, '13000000450', 'byphone', 0);
INSERT INTO `user_info` VALUES (453, 'test', 1, 20, '13000000451', 'byphone', 0);
INSERT INTO `user_info` VALUES (454, 'test', 1, 20, '13000000452', 'byphone', 0);
INSERT INTO `user_info` VALUES (455, 'test', 1, 20, '13000000453', 'byphone', 0);
INSERT INTO `user_info` VALUES (456, 'test', 1, 20, '13000000454', 'byphone', 0);
INSERT INTO `user_info` VALUES (457, 'test', 1, 20, '13000000455', 'byphone', 0);
INSERT INTO `user_info` VALUES (458, 'test', 1, 20, '13000000456', 'byphone', 0);
INSERT INTO `user_info` VALUES (459, 'test', 1, 20, '13000000457', 'byphone', 0);
INSERT INTO `user_info` VALUES (460, 'test', 1, 20, '13000000458', 'byphone', 0);
INSERT INTO `user_info` VALUES (461, 'test', 1, 20, '13000000459', 'byphone', 0);
INSERT INTO `user_info` VALUES (462, 'test', 1, 20, '13000000460', 'byphone', 0);
INSERT INTO `user_info` VALUES (463, 'test', 1, 20, '13000000461', 'byphone', 0);
INSERT INTO `user_info` VALUES (464, 'test', 1, 20, '13000000462', 'byphone', 0);
INSERT INTO `user_info` VALUES (465, 'test', 1, 20, '13000000463', 'byphone', 0);
INSERT INTO `user_info` VALUES (466, 'test', 1, 20, '13000000464', 'byphone', 0);
INSERT INTO `user_info` VALUES (467, 'test', 1, 20, '13000000465', 'byphone', 0);
INSERT INTO `user_info` VALUES (468, 'test', 1, 20, '13000000466', 'byphone', 0);
INSERT INTO `user_info` VALUES (469, 'test', 1, 20, '13000000467', 'byphone', 0);
INSERT INTO `user_info` VALUES (470, 'test', 1, 20, '13000000468', 'byphone', 0);
INSERT INTO `user_info` VALUES (471, 'test', 1, 20, '13000000469', 'byphone', 0);
INSERT INTO `user_info` VALUES (472, 'test', 1, 20, '13000000470', 'byphone', 0);
INSERT INTO `user_info` VALUES (473, 'test', 1, 20, '13000000471', 'byphone', 0);
INSERT INTO `user_info` VALUES (474, 'test', 1, 20, '13000000472', 'byphone', 0);
INSERT INTO `user_info` VALUES (475, 'test', 1, 20, '13000000473', 'byphone', 0);
INSERT INTO `user_info` VALUES (476, 'test', 1, 20, '13000000474', 'byphone', 0);
INSERT INTO `user_info` VALUES (477, 'test', 1, 20, '13000000475', 'byphone', 0);
INSERT INTO `user_info` VALUES (478, 'test', 1, 20, '13000000476', 'byphone', 0);
INSERT INTO `user_info` VALUES (479, 'test', 1, 20, '13000000477', 'byphone', 0);
INSERT INTO `user_info` VALUES (480, 'test', 1, 20, '13000000478', 'byphone', 0);
INSERT INTO `user_info` VALUES (481, 'test', 1, 20, '13000000479', 'byphone', 0);
INSERT INTO `user_info` VALUES (482, 'test', 1, 20, '13000000480', 'byphone', 0);
INSERT INTO `user_info` VALUES (483, 'test', 1, 20, '13000000481', 'byphone', 0);
INSERT INTO `user_info` VALUES (484, 'test', 1, 20, '13000000482', 'byphone', 0);
INSERT INTO `user_info` VALUES (485, 'test', 1, 20, '13000000483', 'byphone', 0);
INSERT INTO `user_info` VALUES (486, 'test', 1, 20, '13000000484', 'byphone', 0);
INSERT INTO `user_info` VALUES (487, 'test', 1, 20, '13000000485', 'byphone', 0);
INSERT INTO `user_info` VALUES (488, 'test', 1, 20, '13000000486', 'byphone', 0);
INSERT INTO `user_info` VALUES (489, 'test', 1, 20, '13000000487', 'byphone', 0);
INSERT INTO `user_info` VALUES (490, 'test', 1, 20, '13000000488', 'byphone', 0);
INSERT INTO `user_info` VALUES (491, 'test', 1, 20, '13000000489', 'byphone', 0);
INSERT INTO `user_info` VALUES (492, 'test', 1, 20, '13000000490', 'byphone', 0);
INSERT INTO `user_info` VALUES (493, 'test', 1, 20, '13000000491', 'byphone', 0);
INSERT INTO `user_info` VALUES (494, 'test', 1, 20, '13000000492', 'byphone', 0);
INSERT INTO `user_info` VALUES (495, 'test', 1, 20, '13000000493', 'byphone', 0);
INSERT INTO `user_info` VALUES (496, 'test', 1, 20, '13000000494', 'byphone', 0);
INSERT INTO `user_info` VALUES (497, 'test', 1, 20, '13000000495', 'byphone', 0);
INSERT INTO `user_info` VALUES (498, 'test', 1, 20, '13000000496', 'byphone', 0);
INSERT INTO `user_info` VALUES (499, 'test', 1, 20, '13000000497', 'byphone', 0);
INSERT INTO `user_info` VALUES (500, 'test', 1, 20, '13000000498', 'byphone', 0);
INSERT INTO `user_info` VALUES (501, 'test', 1, 20, '13000000499', 'byphone', 0);
INSERT INTO `user_info` VALUES (502, 'test', 1, 20, '13000000500', 'byphone', 0);
INSERT INTO `user_info` VALUES (503, 'test', 1, 20, '13000000501', 'byphone', 0);
INSERT INTO `user_info` VALUES (504, 'test', 1, 20, '13000000502', 'byphone', 0);
INSERT INTO `user_info` VALUES (505, 'test', 1, 20, '13000000503', 'byphone', 0);
INSERT INTO `user_info` VALUES (506, 'test', 1, 20, '13000000504', 'byphone', 0);
INSERT INTO `user_info` VALUES (507, 'test', 1, 20, '13000000505', 'byphone', 0);
INSERT INTO `user_info` VALUES (508, 'test', 1, 20, '13000000506', 'byphone', 0);
INSERT INTO `user_info` VALUES (509, 'test', 1, 20, '13000000507', 'byphone', 0);
INSERT INTO `user_info` VALUES (510, 'test', 1, 20, '13000000508', 'byphone', 0);
INSERT INTO `user_info` VALUES (511, 'test', 1, 20, '13000000509', 'byphone', 0);
INSERT INTO `user_info` VALUES (512, 'test', 1, 20, '13000000510', 'byphone', 0);
INSERT INTO `user_info` VALUES (513, 'test', 1, 20, '13000000511', 'byphone', 0);
INSERT INTO `user_info` VALUES (514, 'test', 1, 20, '13000000512', 'byphone', 0);
INSERT INTO `user_info` VALUES (515, 'test', 1, 20, '13000000513', 'byphone', 0);
INSERT INTO `user_info` VALUES (516, 'test', 1, 20, '13000000514', 'byphone', 0);
INSERT INTO `user_info` VALUES (517, 'test', 1, 20, '13000000515', 'byphone', 0);
INSERT INTO `user_info` VALUES (518, 'test', 1, 20, '13000000516', 'byphone', 0);
INSERT INTO `user_info` VALUES (519, 'test', 1, 20, '13000000517', 'byphone', 0);
INSERT INTO `user_info` VALUES (520, 'test', 1, 20, '13000000518', 'byphone', 0);
INSERT INTO `user_info` VALUES (521, 'test', 1, 20, '13000000519', 'byphone', 0);
INSERT INTO `user_info` VALUES (522, 'test', 1, 20, '13000000520', 'byphone', 0);
INSERT INTO `user_info` VALUES (523, 'test', 1, 20, '13000000521', 'byphone', 0);
INSERT INTO `user_info` VALUES (524, 'test', 1, 20, '13000000522', 'byphone', 0);
INSERT INTO `user_info` VALUES (525, 'test', 1, 20, '13000000523', 'byphone', 0);
INSERT INTO `user_info` VALUES (526, 'test', 1, 20, '13000000524', 'byphone', 0);
INSERT INTO `user_info` VALUES (527, 'test', 1, 20, '13000000525', 'byphone', 0);
INSERT INTO `user_info` VALUES (528, 'test', 1, 20, '13000000526', 'byphone', 0);
INSERT INTO `user_info` VALUES (529, 'test', 1, 20, '13000000527', 'byphone', 0);
INSERT INTO `user_info` VALUES (530, 'test', 1, 20, '13000000528', 'byphone', 0);
INSERT INTO `user_info` VALUES (531, 'test', 1, 20, '13000000529', 'byphone', 0);
INSERT INTO `user_info` VALUES (532, 'test', 1, 20, '13000000530', 'byphone', 0);
INSERT INTO `user_info` VALUES (533, 'test', 1, 20, '13000000531', 'byphone', 0);
INSERT INTO `user_info` VALUES (534, 'test', 1, 20, '13000000532', 'byphone', 0);
INSERT INTO `user_info` VALUES (535, 'test', 1, 20, '13000000533', 'byphone', 0);
INSERT INTO `user_info` VALUES (536, 'test', 1, 20, '13000000534', 'byphone', 0);
INSERT INTO `user_info` VALUES (537, 'test', 1, 20, '13000000535', 'byphone', 0);
INSERT INTO `user_info` VALUES (538, 'test', 1, 20, '13000000536', 'byphone', 0);
INSERT INTO `user_info` VALUES (539, 'test', 1, 20, '13000000537', 'byphone', 0);
INSERT INTO `user_info` VALUES (540, 'test', 1, 20, '13000000538', 'byphone', 0);
INSERT INTO `user_info` VALUES (541, 'test', 1, 20, '13000000539', 'byphone', 0);
INSERT INTO `user_info` VALUES (542, 'test', 1, 20, '13000000540', 'byphone', 0);
INSERT INTO `user_info` VALUES (543, 'test', 1, 20, '13000000541', 'byphone', 0);
INSERT INTO `user_info` VALUES (544, 'test', 1, 20, '13000000542', 'byphone', 0);
INSERT INTO `user_info` VALUES (545, 'test', 1, 20, '13000000543', 'byphone', 0);
INSERT INTO `user_info` VALUES (546, 'test', 1, 20, '13000000544', 'byphone', 0);
INSERT INTO `user_info` VALUES (547, 'test', 1, 20, '13000000545', 'byphone', 0);
INSERT INTO `user_info` VALUES (548, 'test', 1, 20, '13000000546', 'byphone', 0);
INSERT INTO `user_info` VALUES (549, 'test', 1, 20, '13000000547', 'byphone', 0);
INSERT INTO `user_info` VALUES (550, 'test', 1, 20, '13000000548', 'byphone', 0);
INSERT INTO `user_info` VALUES (551, 'test', 1, 20, '13000000549', 'byphone', 0);
INSERT INTO `user_info` VALUES (552, 'test', 1, 20, '13000000550', 'byphone', 0);
INSERT INTO `user_info` VALUES (553, 'test', 1, 20, '13000000551', 'byphone', 0);
INSERT INTO `user_info` VALUES (554, 'test', 1, 20, '13000000552', 'byphone', 0);
INSERT INTO `user_info` VALUES (555, 'test', 1, 20, '13000000553', 'byphone', 0);
INSERT INTO `user_info` VALUES (556, 'test', 1, 20, '13000000554', 'byphone', 0);
INSERT INTO `user_info` VALUES (557, 'test', 1, 20, '13000000555', 'byphone', 0);
INSERT INTO `user_info` VALUES (558, 'test', 1, 20, '13000000556', 'byphone', 0);
INSERT INTO `user_info` VALUES (559, 'test', 1, 20, '13000000557', 'byphone', 0);
INSERT INTO `user_info` VALUES (560, 'test', 1, 20, '13000000558', 'byphone', 0);
INSERT INTO `user_info` VALUES (561, 'test', 1, 20, '13000000559', 'byphone', 0);
INSERT INTO `user_info` VALUES (562, 'test', 1, 20, '13000000560', 'byphone', 0);
INSERT INTO `user_info` VALUES (563, 'test', 1, 20, '13000000561', 'byphone', 0);
INSERT INTO `user_info` VALUES (564, 'test', 1, 20, '13000000562', 'byphone', 0);
INSERT INTO `user_info` VALUES (565, 'test', 1, 20, '13000000563', 'byphone', 0);
INSERT INTO `user_info` VALUES (566, 'test', 1, 20, '13000000564', 'byphone', 0);
INSERT INTO `user_info` VALUES (567, 'test', 1, 20, '13000000565', 'byphone', 0);
INSERT INTO `user_info` VALUES (568, 'test', 1, 20, '13000000566', 'byphone', 0);
INSERT INTO `user_info` VALUES (569, 'test', 1, 20, '13000000567', 'byphone', 0);
INSERT INTO `user_info` VALUES (570, 'test', 1, 20, '13000000568', 'byphone', 0);
INSERT INTO `user_info` VALUES (571, 'test', 1, 20, '13000000569', 'byphone', 0);
INSERT INTO `user_info` VALUES (572, 'test', 1, 20, '13000000570', 'byphone', 0);
INSERT INTO `user_info` VALUES (573, 'test', 1, 20, '13000000571', 'byphone', 0);
INSERT INTO `user_info` VALUES (574, 'test', 1, 20, '13000000572', 'byphone', 0);
INSERT INTO `user_info` VALUES (575, 'test', 1, 20, '13000000573', 'byphone', 0);
INSERT INTO `user_info` VALUES (576, 'test', 1, 20, '13000000574', 'byphone', 0);
INSERT INTO `user_info` VALUES (577, 'test', 1, 20, '13000000575', 'byphone', 0);
INSERT INTO `user_info` VALUES (578, 'test', 1, 20, '13000000576', 'byphone', 0);
INSERT INTO `user_info` VALUES (579, 'test', 1, 20, '13000000577', 'byphone', 0);
INSERT INTO `user_info` VALUES (580, 'test', 1, 20, '13000000578', 'byphone', 0);
INSERT INTO `user_info` VALUES (581, 'test', 1, 20, '13000000579', 'byphone', 0);
INSERT INTO `user_info` VALUES (582, 'test', 1, 20, '13000000580', 'byphone', 0);
INSERT INTO `user_info` VALUES (583, 'test', 1, 20, '13000000581', 'byphone', 0);
INSERT INTO `user_info` VALUES (584, 'test', 1, 20, '13000000582', 'byphone', 0);
INSERT INTO `user_info` VALUES (585, 'test', 1, 20, '13000000583', 'byphone', 0);
INSERT INTO `user_info` VALUES (586, 'test', 1, 20, '13000000584', 'byphone', 0);
INSERT INTO `user_info` VALUES (587, 'test', 1, 20, '13000000585', 'byphone', 0);
INSERT INTO `user_info` VALUES (588, 'test', 1, 20, '13000000586', 'byphone', 0);
INSERT INTO `user_info` VALUES (589, 'test', 1, 20, '13000000587', 'byphone', 0);
INSERT INTO `user_info` VALUES (590, 'test', 1, 20, '13000000588', 'byphone', 0);
INSERT INTO `user_info` VALUES (591, 'test', 1, 20, '13000000589', 'byphone', 0);
INSERT INTO `user_info` VALUES (592, 'test', 1, 20, '13000000590', 'byphone', 0);
INSERT INTO `user_info` VALUES (593, 'test', 1, 20, '13000000591', 'byphone', 0);
INSERT INTO `user_info` VALUES (594, 'test', 1, 20, '13000000592', 'byphone', 0);
INSERT INTO `user_info` VALUES (595, 'test', 1, 20, '13000000593', 'byphone', 0);
INSERT INTO `user_info` VALUES (596, 'test', 1, 20, '13000000594', 'byphone', 0);
INSERT INTO `user_info` VALUES (597, 'test', 1, 20, '13000000595', 'byphone', 0);
INSERT INTO `user_info` VALUES (598, 'test', 1, 20, '13000000596', 'byphone', 0);
INSERT INTO `user_info` VALUES (599, 'test', 1, 20, '13000000597', 'byphone', 0);
INSERT INTO `user_info` VALUES (600, 'test', 1, 20, '13000000598', 'byphone', 0);
INSERT INTO `user_info` VALUES (601, 'test', 1, 20, '13000000599', 'byphone', 0);
INSERT INTO `user_info` VALUES (602, 'test', 1, 20, '13000000600', 'byphone', 0);
INSERT INTO `user_info` VALUES (603, 'test', 1, 20, '13000000601', 'byphone', 0);
INSERT INTO `user_info` VALUES (604, 'test', 1, 20, '13000000602', 'byphone', 0);
INSERT INTO `user_info` VALUES (605, 'test', 1, 20, '13000000603', 'byphone', 0);
INSERT INTO `user_info` VALUES (606, 'test', 1, 20, '13000000604', 'byphone', 0);
INSERT INTO `user_info` VALUES (607, 'test', 1, 20, '13000000605', 'byphone', 0);
INSERT INTO `user_info` VALUES (608, 'test', 1, 20, '13000000606', 'byphone', 0);
INSERT INTO `user_info` VALUES (609, 'test', 1, 20, '13000000607', 'byphone', 0);
INSERT INTO `user_info` VALUES (610, 'test', 1, 20, '13000000608', 'byphone', 0);
INSERT INTO `user_info` VALUES (611, 'test', 1, 20, '13000000609', 'byphone', 0);
INSERT INTO `user_info` VALUES (612, 'test', 1, 20, '13000000610', 'byphone', 0);
INSERT INTO `user_info` VALUES (613, 'test', 1, 20, '13000000611', 'byphone', 0);
INSERT INTO `user_info` VALUES (614, 'test', 1, 20, '13000000612', 'byphone', 0);
INSERT INTO `user_info` VALUES (615, 'test', 1, 20, '13000000613', 'byphone', 0);
INSERT INTO `user_info` VALUES (616, 'test', 1, 20, '13000000614', 'byphone', 0);
INSERT INTO `user_info` VALUES (617, 'test', 1, 20, '13000000615', 'byphone', 0);
INSERT INTO `user_info` VALUES (618, 'test', 1, 20, '13000000616', 'byphone', 0);
INSERT INTO `user_info` VALUES (619, 'test', 1, 20, '13000000617', 'byphone', 0);
INSERT INTO `user_info` VALUES (620, 'test', 1, 20, '13000000618', 'byphone', 0);
INSERT INTO `user_info` VALUES (621, 'test', 1, 20, '13000000619', 'byphone', 0);
INSERT INTO `user_info` VALUES (622, 'test', 1, 20, '13000000620', 'byphone', 0);
INSERT INTO `user_info` VALUES (623, 'test', 1, 20, '13000000621', 'byphone', 0);
INSERT INTO `user_info` VALUES (624, 'test', 1, 20, '13000000622', 'byphone', 0);
INSERT INTO `user_info` VALUES (625, 'test', 1, 20, '13000000623', 'byphone', 0);
INSERT INTO `user_info` VALUES (626, 'test', 1, 20, '13000000624', 'byphone', 0);
INSERT INTO `user_info` VALUES (627, 'test', 1, 20, '13000000625', 'byphone', 0);
INSERT INTO `user_info` VALUES (628, 'test', 1, 20, '13000000626', 'byphone', 0);
INSERT INTO `user_info` VALUES (629, 'test', 1, 20, '13000000627', 'byphone', 0);
INSERT INTO `user_info` VALUES (630, 'test', 1, 20, '13000000628', 'byphone', 0);
INSERT INTO `user_info` VALUES (631, 'test', 1, 20, '13000000629', 'byphone', 0);
INSERT INTO `user_info` VALUES (632, 'test', 1, 20, '13000000630', 'byphone', 0);
INSERT INTO `user_info` VALUES (633, 'test', 1, 20, '13000000631', 'byphone', 0);
INSERT INTO `user_info` VALUES (634, 'test', 1, 20, '13000000632', 'byphone', 0);
INSERT INTO `user_info` VALUES (635, 'test', 1, 20, '13000000633', 'byphone', 0);
INSERT INTO `user_info` VALUES (636, 'test', 1, 20, '13000000634', 'byphone', 0);
INSERT INTO `user_info` VALUES (637, 'test', 1, 20, '13000000635', 'byphone', 0);
INSERT INTO `user_info` VALUES (638, 'test', 1, 20, '13000000636', 'byphone', 0);
INSERT INTO `user_info` VALUES (639, 'test', 1, 20, '13000000637', 'byphone', 0);
INSERT INTO `user_info` VALUES (640, 'test', 1, 20, '13000000638', 'byphone', 0);
INSERT INTO `user_info` VALUES (641, 'test', 1, 20, '13000000639', 'byphone', 0);
INSERT INTO `user_info` VALUES (642, 'test', 1, 20, '13000000640', 'byphone', 0);
INSERT INTO `user_info` VALUES (643, 'test', 1, 20, '13000000641', 'byphone', 0);
INSERT INTO `user_info` VALUES (644, 'test', 1, 20, '13000000642', 'byphone', 0);
INSERT INTO `user_info` VALUES (645, 'test', 1, 20, '13000000643', 'byphone', 0);
INSERT INTO `user_info` VALUES (646, 'test', 1, 20, '13000000644', 'byphone', 0);
INSERT INTO `user_info` VALUES (647, 'test', 1, 20, '13000000645', 'byphone', 0);
INSERT INTO `user_info` VALUES (648, 'test', 1, 20, '13000000646', 'byphone', 0);
INSERT INTO `user_info` VALUES (649, 'test', 1, 20, '13000000647', 'byphone', 0);
INSERT INTO `user_info` VALUES (650, 'test', 1, 20, '13000000648', 'byphone', 0);
INSERT INTO `user_info` VALUES (651, 'test', 1, 20, '13000000649', 'byphone', 0);
INSERT INTO `user_info` VALUES (652, 'test', 1, 20, '13000000650', 'byphone', 0);
INSERT INTO `user_info` VALUES (653, 'test', 1, 20, '13000000651', 'byphone', 0);
INSERT INTO `user_info` VALUES (654, 'test', 1, 20, '13000000652', 'byphone', 0);
INSERT INTO `user_info` VALUES (655, 'test', 1, 20, '13000000653', 'byphone', 0);
INSERT INTO `user_info` VALUES (656, 'test', 1, 20, '13000000654', 'byphone', 0);
INSERT INTO `user_info` VALUES (657, 'test', 1, 20, '13000000655', 'byphone', 0);
INSERT INTO `user_info` VALUES (658, 'test', 1, 20, '13000000656', 'byphone', 0);
INSERT INTO `user_info` VALUES (659, 'test', 1, 20, '13000000657', 'byphone', 0);
INSERT INTO `user_info` VALUES (660, 'test', 1, 20, '13000000658', 'byphone', 0);
INSERT INTO `user_info` VALUES (661, 'test', 1, 20, '13000000659', 'byphone', 0);
INSERT INTO `user_info` VALUES (662, 'test', 1, 20, '13000000660', 'byphone', 0);
INSERT INTO `user_info` VALUES (663, 'test', 1, 20, '13000000661', 'byphone', 0);
INSERT INTO `user_info` VALUES (664, 'test', 1, 20, '13000000662', 'byphone', 0);
INSERT INTO `user_info` VALUES (665, 'test', 1, 20, '13000000663', 'byphone', 0);
INSERT INTO `user_info` VALUES (666, 'test', 1, 20, '13000000664', 'byphone', 0);
INSERT INTO `user_info` VALUES (667, 'test', 1, 20, '13000000665', 'byphone', 0);
INSERT INTO `user_info` VALUES (668, 'test', 1, 20, '13000000666', 'byphone', 0);
INSERT INTO `user_info` VALUES (669, 'test', 1, 20, '13000000667', 'byphone', 0);
INSERT INTO `user_info` VALUES (670, 'test', 1, 20, '13000000668', 'byphone', 0);
INSERT INTO `user_info` VALUES (671, 'test', 1, 20, '13000000669', 'byphone', 0);
INSERT INTO `user_info` VALUES (672, 'test', 1, 20, '13000000670', 'byphone', 0);
INSERT INTO `user_info` VALUES (673, 'test', 1, 20, '13000000671', 'byphone', 0);
INSERT INTO `user_info` VALUES (674, 'test', 1, 20, '13000000672', 'byphone', 0);
INSERT INTO `user_info` VALUES (675, 'test', 1, 20, '13000000673', 'byphone', 0);
INSERT INTO `user_info` VALUES (676, 'test', 1, 20, '13000000674', 'byphone', 0);
INSERT INTO `user_info` VALUES (677, 'test', 1, 20, '13000000675', 'byphone', 0);
INSERT INTO `user_info` VALUES (678, 'test', 1, 20, '13000000676', 'byphone', 0);
INSERT INTO `user_info` VALUES (679, 'test', 1, 20, '13000000677', 'byphone', 0);
INSERT INTO `user_info` VALUES (680, 'test', 1, 20, '13000000678', 'byphone', 0);
INSERT INTO `user_info` VALUES (681, 'test', 1, 20, '13000000679', 'byphone', 0);
INSERT INTO `user_info` VALUES (682, 'test', 1, 20, '13000000680', 'byphone', 0);
INSERT INTO `user_info` VALUES (683, 'test', 1, 20, '13000000681', 'byphone', 0);
INSERT INTO `user_info` VALUES (684, 'test', 1, 20, '13000000682', 'byphone', 0);
INSERT INTO `user_info` VALUES (685, 'test', 1, 20, '13000000683', 'byphone', 0);
INSERT INTO `user_info` VALUES (686, 'test', 1, 20, '13000000684', 'byphone', 0);
INSERT INTO `user_info` VALUES (687, 'test', 1, 20, '13000000685', 'byphone', 0);
INSERT INTO `user_info` VALUES (688, 'test', 1, 20, '13000000686', 'byphone', 0);
INSERT INTO `user_info` VALUES (689, 'test', 1, 20, '13000000687', 'byphone', 0);
INSERT INTO `user_info` VALUES (690, 'test', 1, 20, '13000000688', 'byphone', 0);
INSERT INTO `user_info` VALUES (691, 'test', 1, 20, '13000000689', 'byphone', 0);
INSERT INTO `user_info` VALUES (692, 'test', 1, 20, '13000000690', 'byphone', 0);
INSERT INTO `user_info` VALUES (693, 'test', 1, 20, '13000000691', 'byphone', 0);
INSERT INTO `user_info` VALUES (694, 'test', 1, 20, '13000000692', 'byphone', 0);
INSERT INTO `user_info` VALUES (695, 'test', 1, 20, '13000000693', 'byphone', 0);
INSERT INTO `user_info` VALUES (696, 'test', 1, 20, '13000000694', 'byphone', 0);
INSERT INTO `user_info` VALUES (697, 'test', 1, 20, '13000000695', 'byphone', 0);
INSERT INTO `user_info` VALUES (698, 'test', 1, 20, '13000000696', 'byphone', 0);
INSERT INTO `user_info` VALUES (699, 'test', 1, 20, '13000000697', 'byphone', 0);
INSERT INTO `user_info` VALUES (700, 'test', 1, 20, '13000000698', 'byphone', 0);
INSERT INTO `user_info` VALUES (701, 'test', 1, 20, '13000000699', 'byphone', 0);
INSERT INTO `user_info` VALUES (702, 'test', 1, 20, '13000000700', 'byphone', 0);
INSERT INTO `user_info` VALUES (703, 'test', 1, 20, '13000000701', 'byphone', 0);
INSERT INTO `user_info` VALUES (704, 'test', 1, 20, '13000000702', 'byphone', 0);
INSERT INTO `user_info` VALUES (705, 'test', 1, 20, '13000000703', 'byphone', 0);
INSERT INTO `user_info` VALUES (706, 'test', 1, 20, '13000000704', 'byphone', 0);
INSERT INTO `user_info` VALUES (707, 'test', 1, 20, '13000000705', 'byphone', 0);
INSERT INTO `user_info` VALUES (708, 'test', 1, 20, '13000000706', 'byphone', 0);
INSERT INTO `user_info` VALUES (709, 'test', 1, 20, '13000000707', 'byphone', 0);
INSERT INTO `user_info` VALUES (710, 'test', 1, 20, '13000000708', 'byphone', 0);
INSERT INTO `user_info` VALUES (711, 'test', 1, 20, '13000000709', 'byphone', 0);
INSERT INTO `user_info` VALUES (712, 'test', 1, 20, '13000000710', 'byphone', 0);
INSERT INTO `user_info` VALUES (713, 'test', 1, 20, '13000000711', 'byphone', 0);
INSERT INTO `user_info` VALUES (714, 'test', 1, 20, '13000000712', 'byphone', 0);
INSERT INTO `user_info` VALUES (715, 'test', 1, 20, '13000000713', 'byphone', 0);
INSERT INTO `user_info` VALUES (716, 'test', 1, 20, '13000000714', 'byphone', 0);
INSERT INTO `user_info` VALUES (717, 'test', 1, 20, '13000000715', 'byphone', 0);
INSERT INTO `user_info` VALUES (718, 'test', 1, 20, '13000000716', 'byphone', 0);
INSERT INTO `user_info` VALUES (719, 'test', 1, 20, '13000000717', 'byphone', 0);
INSERT INTO `user_info` VALUES (720, 'test', 1, 20, '13000000718', 'byphone', 0);
INSERT INTO `user_info` VALUES (721, 'test', 1, 20, '13000000719', 'byphone', 0);
INSERT INTO `user_info` VALUES (722, 'test', 1, 20, '13000000720', 'byphone', 0);
INSERT INTO `user_info` VALUES (723, 'test', 1, 20, '13000000721', 'byphone', 0);
INSERT INTO `user_info` VALUES (724, 'test', 1, 20, '13000000722', 'byphone', 0);
INSERT INTO `user_info` VALUES (725, 'test', 1, 20, '13000000723', 'byphone', 0);
INSERT INTO `user_info` VALUES (726, 'test', 1, 20, '13000000724', 'byphone', 0);
INSERT INTO `user_info` VALUES (727, 'test', 1, 20, '13000000725', 'byphone', 0);
INSERT INTO `user_info` VALUES (728, 'test', 1, 20, '13000000726', 'byphone', 0);
INSERT INTO `user_info` VALUES (729, 'test', 1, 20, '13000000727', 'byphone', 0);
INSERT INTO `user_info` VALUES (730, 'test', 1, 20, '13000000728', 'byphone', 0);
INSERT INTO `user_info` VALUES (731, 'test', 1, 20, '13000000729', 'byphone', 0);
INSERT INTO `user_info` VALUES (732, 'test', 1, 20, '13000000730', 'byphone', 0);
INSERT INTO `user_info` VALUES (733, 'test', 1, 20, '13000000731', 'byphone', 0);
INSERT INTO `user_info` VALUES (734, 'test', 1, 20, '13000000732', 'byphone', 0);
INSERT INTO `user_info` VALUES (735, 'test', 1, 20, '13000000733', 'byphone', 0);
INSERT INTO `user_info` VALUES (736, 'test', 1, 20, '13000000734', 'byphone', 0);
INSERT INTO `user_info` VALUES (737, 'test', 1, 20, '13000000735', 'byphone', 0);
INSERT INTO `user_info` VALUES (738, 'test', 1, 20, '13000000736', 'byphone', 0);
INSERT INTO `user_info` VALUES (739, 'test', 1, 20, '13000000737', 'byphone', 0);
INSERT INTO `user_info` VALUES (740, 'test', 1, 20, '13000000738', 'byphone', 0);
INSERT INTO `user_info` VALUES (741, 'test', 1, 20, '13000000739', 'byphone', 0);
INSERT INTO `user_info` VALUES (742, 'test', 1, 20, '13000000740', 'byphone', 0);
INSERT INTO `user_info` VALUES (743, 'test', 1, 20, '13000000741', 'byphone', 0);
INSERT INTO `user_info` VALUES (744, 'test', 1, 20, '13000000742', 'byphone', 0);
INSERT INTO `user_info` VALUES (745, 'test', 1, 20, '13000000743', 'byphone', 0);
INSERT INTO `user_info` VALUES (746, 'test', 1, 20, '13000000744', 'byphone', 0);
INSERT INTO `user_info` VALUES (747, 'test', 1, 20, '13000000745', 'byphone', 0);
INSERT INTO `user_info` VALUES (748, 'test', 1, 20, '13000000746', 'byphone', 0);
INSERT INTO `user_info` VALUES (749, 'test', 1, 20, '13000000747', 'byphone', 0);
INSERT INTO `user_info` VALUES (750, 'test', 1, 20, '13000000748', 'byphone', 0);
INSERT INTO `user_info` VALUES (751, 'test', 1, 20, '13000000749', 'byphone', 0);
INSERT INTO `user_info` VALUES (752, 'test', 1, 20, '13000000750', 'byphone', 0);
INSERT INTO `user_info` VALUES (753, 'test', 1, 20, '13000000751', 'byphone', 0);
INSERT INTO `user_info` VALUES (754, 'test', 1, 20, '13000000752', 'byphone', 0);
INSERT INTO `user_info` VALUES (755, 'test', 1, 20, '13000000753', 'byphone', 0);
INSERT INTO `user_info` VALUES (756, 'test', 1, 20, '13000000754', 'byphone', 0);
INSERT INTO `user_info` VALUES (757, 'test', 1, 20, '13000000755', 'byphone', 0);
INSERT INTO `user_info` VALUES (758, 'test', 1, 20, '13000000756', 'byphone', 0);
INSERT INTO `user_info` VALUES (759, 'test', 1, 20, '13000000757', 'byphone', 0);
INSERT INTO `user_info` VALUES (760, 'test', 1, 20, '13000000758', 'byphone', 0);
INSERT INTO `user_info` VALUES (761, 'test', 1, 20, '13000000759', 'byphone', 0);
INSERT INTO `user_info` VALUES (762, 'test', 1, 20, '13000000760', 'byphone', 0);
INSERT INTO `user_info` VALUES (763, 'test', 1, 20, '13000000761', 'byphone', 0);
INSERT INTO `user_info` VALUES (764, 'test', 1, 20, '13000000762', 'byphone', 0);
INSERT INTO `user_info` VALUES (765, 'test', 1, 20, '13000000763', 'byphone', 0);
INSERT INTO `user_info` VALUES (766, 'test', 1, 20, '13000000764', 'byphone', 0);
INSERT INTO `user_info` VALUES (767, 'test', 1, 20, '13000000765', 'byphone', 0);
INSERT INTO `user_info` VALUES (768, 'test', 1, 20, '13000000766', 'byphone', 0);
INSERT INTO `user_info` VALUES (769, 'test', 1, 20, '13000000767', 'byphone', 0);
INSERT INTO `user_info` VALUES (770, 'test', 1, 20, '13000000768', 'byphone', 0);
INSERT INTO `user_info` VALUES (771, 'test', 1, 20, '13000000769', 'byphone', 0);
INSERT INTO `user_info` VALUES (772, 'test', 1, 20, '13000000770', 'byphone', 0);
INSERT INTO `user_info` VALUES (773, 'test', 1, 20, '13000000771', 'byphone', 0);
INSERT INTO `user_info` VALUES (774, 'test', 1, 20, '13000000772', 'byphone', 0);
INSERT INTO `user_info` VALUES (775, 'test', 1, 20, '13000000773', 'byphone', 0);
INSERT INTO `user_info` VALUES (776, 'test', 1, 20, '13000000774', 'byphone', 0);
INSERT INTO `user_info` VALUES (777, 'test', 1, 20, '13000000775', 'byphone', 0);
INSERT INTO `user_info` VALUES (778, 'test', 1, 20, '13000000776', 'byphone', 0);
INSERT INTO `user_info` VALUES (779, 'test', 1, 20, '13000000777', 'byphone', 0);
INSERT INTO `user_info` VALUES (780, 'test', 1, 20, '13000000778', 'byphone', 0);
INSERT INTO `user_info` VALUES (781, 'test', 1, 20, '13000000779', 'byphone', 0);
INSERT INTO `user_info` VALUES (782, 'test', 1, 20, '13000000780', 'byphone', 0);
INSERT INTO `user_info` VALUES (783, 'test', 1, 20, '13000000781', 'byphone', 0);
INSERT INTO `user_info` VALUES (784, 'test', 1, 20, '13000000782', 'byphone', 0);
INSERT INTO `user_info` VALUES (785, 'test', 1, 20, '13000000783', 'byphone', 0);
INSERT INTO `user_info` VALUES (786, 'test', 1, 20, '13000000784', 'byphone', 0);
INSERT INTO `user_info` VALUES (787, 'test', 1, 20, '13000000785', 'byphone', 0);
INSERT INTO `user_info` VALUES (788, 'test', 1, 20, '13000000786', 'byphone', 0);
INSERT INTO `user_info` VALUES (789, 'test', 1, 20, '13000000787', 'byphone', 0);
INSERT INTO `user_info` VALUES (790, 'test', 1, 20, '13000000788', 'byphone', 0);
INSERT INTO `user_info` VALUES (791, 'test', 1, 20, '13000000789', 'byphone', 0);
INSERT INTO `user_info` VALUES (792, 'test', 1, 20, '13000000790', 'byphone', 0);
INSERT INTO `user_info` VALUES (793, 'test', 1, 20, '13000000791', 'byphone', 0);
INSERT INTO `user_info` VALUES (794, 'test', 1, 20, '13000000792', 'byphone', 0);
INSERT INTO `user_info` VALUES (795, 'test', 1, 20, '13000000793', 'byphone', 0);
INSERT INTO `user_info` VALUES (796, 'test', 1, 20, '13000000794', 'byphone', 0);
INSERT INTO `user_info` VALUES (797, 'test', 1, 20, '13000000795', 'byphone', 0);
INSERT INTO `user_info` VALUES (798, 'test', 1, 20, '13000000796', 'byphone', 0);
INSERT INTO `user_info` VALUES (799, 'test', 1, 20, '13000000797', 'byphone', 0);
INSERT INTO `user_info` VALUES (800, 'test', 1, 20, '13000000798', 'byphone', 0);
INSERT INTO `user_info` VALUES (801, 'test', 1, 20, '13000000799', 'byphone', 0);
INSERT INTO `user_info` VALUES (802, 'test', 1, 20, '13000000800', 'byphone', 0);
INSERT INTO `user_info` VALUES (803, 'test', 1, 20, '13000000801', 'byphone', 0);
INSERT INTO `user_info` VALUES (804, 'test', 1, 20, '13000000802', 'byphone', 0);
INSERT INTO `user_info` VALUES (805, 'test', 1, 20, '13000000803', 'byphone', 0);
INSERT INTO `user_info` VALUES (806, 'test', 1, 20, '13000000804', 'byphone', 0);
INSERT INTO `user_info` VALUES (807, 'test', 1, 20, '13000000805', 'byphone', 0);
INSERT INTO `user_info` VALUES (808, 'test', 1, 20, '13000000806', 'byphone', 0);
INSERT INTO `user_info` VALUES (809, 'test', 1, 20, '13000000807', 'byphone', 0);
INSERT INTO `user_info` VALUES (810, 'test', 1, 20, '13000000808', 'byphone', 0);
INSERT INTO `user_info` VALUES (811, 'test', 1, 20, '13000000809', 'byphone', 0);
INSERT INTO `user_info` VALUES (812, 'test', 1, 20, '13000000810', 'byphone', 0);
INSERT INTO `user_info` VALUES (813, 'test', 1, 20, '13000000811', 'byphone', 0);
INSERT INTO `user_info` VALUES (814, 'test', 1, 20, '13000000812', 'byphone', 0);
INSERT INTO `user_info` VALUES (815, 'test', 1, 20, '13000000813', 'byphone', 0);
INSERT INTO `user_info` VALUES (816, 'test', 1, 20, '13000000814', 'byphone', 0);
INSERT INTO `user_info` VALUES (817, 'test', 1, 20, '13000000815', 'byphone', 0);
INSERT INTO `user_info` VALUES (818, 'test', 1, 20, '13000000816', 'byphone', 0);
INSERT INTO `user_info` VALUES (819, 'test', 1, 20, '13000000817', 'byphone', 0);
INSERT INTO `user_info` VALUES (820, 'test', 1, 20, '13000000818', 'byphone', 0);
INSERT INTO `user_info` VALUES (821, 'test', 1, 20, '13000000819', 'byphone', 0);
INSERT INTO `user_info` VALUES (822, 'test', 1, 20, '13000000820', 'byphone', 0);
INSERT INTO `user_info` VALUES (823, 'test', 1, 20, '13000000821', 'byphone', 0);
INSERT INTO `user_info` VALUES (824, 'test', 1, 20, '13000000822', 'byphone', 0);
INSERT INTO `user_info` VALUES (825, 'test', 1, 20, '13000000823', 'byphone', 0);
INSERT INTO `user_info` VALUES (826, 'test', 1, 20, '13000000824', 'byphone', 0);
INSERT INTO `user_info` VALUES (827, 'test', 1, 20, '13000000825', 'byphone', 0);
INSERT INTO `user_info` VALUES (828, 'test', 1, 20, '13000000826', 'byphone', 0);
INSERT INTO `user_info` VALUES (829, 'test', 1, 20, '13000000827', 'byphone', 0);
INSERT INTO `user_info` VALUES (830, 'test', 1, 20, '13000000828', 'byphone', 0);
INSERT INTO `user_info` VALUES (831, 'test', 1, 20, '13000000829', 'byphone', 0);
INSERT INTO `user_info` VALUES (832, 'test', 1, 20, '13000000830', 'byphone', 0);
INSERT INTO `user_info` VALUES (833, 'test', 1, 20, '13000000831', 'byphone', 0);
INSERT INTO `user_info` VALUES (834, 'test', 1, 20, '13000000832', 'byphone', 0);
INSERT INTO `user_info` VALUES (835, 'test', 1, 20, '13000000833', 'byphone', 0);
INSERT INTO `user_info` VALUES (836, 'test', 1, 20, '13000000834', 'byphone', 0);
INSERT INTO `user_info` VALUES (837, 'test', 1, 20, '13000000835', 'byphone', 0);
INSERT INTO `user_info` VALUES (838, 'test', 1, 20, '13000000836', 'byphone', 0);
INSERT INTO `user_info` VALUES (839, 'test', 1, 20, '13000000837', 'byphone', 0);
INSERT INTO `user_info` VALUES (840, 'test', 1, 20, '13000000838', 'byphone', 0);
INSERT INTO `user_info` VALUES (841, 'test', 1, 20, '13000000839', 'byphone', 0);
INSERT INTO `user_info` VALUES (842, 'test', 1, 20, '13000000840', 'byphone', 0);
INSERT INTO `user_info` VALUES (843, 'test', 1, 20, '13000000841', 'byphone', 0);
INSERT INTO `user_info` VALUES (844, 'test', 1, 20, '13000000842', 'byphone', 0);
INSERT INTO `user_info` VALUES (845, 'test', 1, 20, '13000000843', 'byphone', 0);
INSERT INTO `user_info` VALUES (846, 'test', 1, 20, '13000000844', 'byphone', 0);
INSERT INTO `user_info` VALUES (847, 'test', 1, 20, '13000000845', 'byphone', 0);
INSERT INTO `user_info` VALUES (848, 'test', 1, 20, '13000000846', 'byphone', 0);
INSERT INTO `user_info` VALUES (849, 'test', 1, 20, '13000000847', 'byphone', 0);
INSERT INTO `user_info` VALUES (850, 'test', 1, 20, '13000000848', 'byphone', 0);
INSERT INTO `user_info` VALUES (851, 'test', 1, 20, '13000000849', 'byphone', 0);
INSERT INTO `user_info` VALUES (852, 'test', 1, 20, '13000000850', 'byphone', 0);
INSERT INTO `user_info` VALUES (853, 'test', 1, 20, '13000000851', 'byphone', 0);
INSERT INTO `user_info` VALUES (854, 'test', 1, 20, '13000000852', 'byphone', 0);
INSERT INTO `user_info` VALUES (855, 'test', 1, 20, '13000000853', 'byphone', 0);
INSERT INTO `user_info` VALUES (856, 'test', 1, 20, '13000000854', 'byphone', 0);
INSERT INTO `user_info` VALUES (857, 'test', 1, 20, '13000000855', 'byphone', 0);
INSERT INTO `user_info` VALUES (858, 'test', 1, 20, '13000000856', 'byphone', 0);
INSERT INTO `user_info` VALUES (859, 'test', 1, 20, '13000000857', 'byphone', 0);
INSERT INTO `user_info` VALUES (860, 'test', 1, 20, '13000000858', 'byphone', 0);
INSERT INTO `user_info` VALUES (861, 'test', 1, 20, '13000000859', 'byphone', 0);
INSERT INTO `user_info` VALUES (862, 'test', 1, 20, '13000000860', 'byphone', 0);
INSERT INTO `user_info` VALUES (863, 'test', 1, 20, '13000000861', 'byphone', 0);
INSERT INTO `user_info` VALUES (864, 'test', 1, 20, '13000000862', 'byphone', 0);
INSERT INTO `user_info` VALUES (865, 'test', 1, 20, '13000000863', 'byphone', 0);
INSERT INTO `user_info` VALUES (866, 'test', 1, 20, '13000000864', 'byphone', 0);
INSERT INTO `user_info` VALUES (867, 'test', 1, 20, '13000000865', 'byphone', 0);
INSERT INTO `user_info` VALUES (868, 'test', 1, 20, '13000000866', 'byphone', 0);
INSERT INTO `user_info` VALUES (869, 'test', 1, 20, '13000000867', 'byphone', 0);
INSERT INTO `user_info` VALUES (870, 'test', 1, 20, '13000000868', 'byphone', 0);
INSERT INTO `user_info` VALUES (871, 'test', 1, 20, '13000000869', 'byphone', 0);
INSERT INTO `user_info` VALUES (872, 'test', 1, 20, '13000000870', 'byphone', 0);
INSERT INTO `user_info` VALUES (873, 'test', 1, 20, '13000000871', 'byphone', 0);
INSERT INTO `user_info` VALUES (874, 'test', 1, 20, '13000000872', 'byphone', 0);
INSERT INTO `user_info` VALUES (875, 'test', 1, 20, '13000000873', 'byphone', 0);
INSERT INTO `user_info` VALUES (876, 'test', 1, 20, '13000000874', 'byphone', 0);
INSERT INTO `user_info` VALUES (877, 'test', 1, 20, '13000000875', 'byphone', 0);
INSERT INTO `user_info` VALUES (878, 'test', 1, 20, '13000000876', 'byphone', 0);
INSERT INTO `user_info` VALUES (879, 'test', 1, 20, '13000000877', 'byphone', 0);
INSERT INTO `user_info` VALUES (880, 'test', 1, 20, '13000000878', 'byphone', 0);
INSERT INTO `user_info` VALUES (881, 'test', 1, 20, '13000000879', 'byphone', 0);
INSERT INTO `user_info` VALUES (882, 'test', 1, 20, '13000000880', 'byphone', 0);
INSERT INTO `user_info` VALUES (883, 'test', 1, 20, '13000000881', 'byphone', 0);
INSERT INTO `user_info` VALUES (884, 'test', 1, 20, '13000000882', 'byphone', 0);
INSERT INTO `user_info` VALUES (885, 'test', 1, 20, '13000000883', 'byphone', 0);
INSERT INTO `user_info` VALUES (886, 'test', 1, 20, '13000000884', 'byphone', 0);
INSERT INTO `user_info` VALUES (887, 'test', 1, 20, '13000000885', 'byphone', 0);
INSERT INTO `user_info` VALUES (888, 'test', 1, 20, '13000000886', 'byphone', 0);
INSERT INTO `user_info` VALUES (889, 'test', 1, 20, '13000000887', 'byphone', 0);
INSERT INTO `user_info` VALUES (890, 'test', 1, 20, '13000000888', 'byphone', 0);
INSERT INTO `user_info` VALUES (891, 'test', 1, 20, '13000000889', 'byphone', 0);
INSERT INTO `user_info` VALUES (892, 'test', 1, 20, '13000000890', 'byphone', 0);
INSERT INTO `user_info` VALUES (893, 'test', 1, 20, '13000000891', 'byphone', 0);
INSERT INTO `user_info` VALUES (894, 'test', 1, 20, '13000000892', 'byphone', 0);
INSERT INTO `user_info` VALUES (895, 'test', 1, 20, '13000000893', 'byphone', 0);
INSERT INTO `user_info` VALUES (896, 'test', 1, 20, '13000000894', 'byphone', 0);
INSERT INTO `user_info` VALUES (897, 'test', 1, 20, '13000000895', 'byphone', 0);
INSERT INTO `user_info` VALUES (898, 'test', 1, 20, '13000000896', 'byphone', 0);
INSERT INTO `user_info` VALUES (899, 'test', 1, 20, '13000000897', 'byphone', 0);
INSERT INTO `user_info` VALUES (900, 'test', 1, 20, '13000000898', 'byphone', 0);
INSERT INTO `user_info` VALUES (901, 'test', 1, 20, '13000000899', 'byphone', 0);
INSERT INTO `user_info` VALUES (902, 'test', 1, 20, '13000000900', 'byphone', 0);
INSERT INTO `user_info` VALUES (903, 'test', 1, 20, '13000000901', 'byphone', 0);
INSERT INTO `user_info` VALUES (904, 'test', 1, 20, '13000000902', 'byphone', 0);
INSERT INTO `user_info` VALUES (905, 'test', 1, 20, '13000000903', 'byphone', 0);
INSERT INTO `user_info` VALUES (906, 'test', 1, 20, '13000000904', 'byphone', 0);
INSERT INTO `user_info` VALUES (907, 'test', 1, 20, '13000000905', 'byphone', 0);
INSERT INTO `user_info` VALUES (908, 'test', 1, 20, '13000000906', 'byphone', 0);
INSERT INTO `user_info` VALUES (909, 'test', 1, 20, '13000000907', 'byphone', 0);
INSERT INTO `user_info` VALUES (910, 'test', 1, 20, '13000000908', 'byphone', 0);
INSERT INTO `user_info` VALUES (911, 'test', 1, 20, '13000000909', 'byphone', 0);
INSERT INTO `user_info` VALUES (912, 'test', 1, 20, '13000000910', 'byphone', 0);
INSERT INTO `user_info` VALUES (913, 'test', 1, 20, '13000000911', 'byphone', 0);
INSERT INTO `user_info` VALUES (914, 'test', 1, 20, '13000000912', 'byphone', 0);
INSERT INTO `user_info` VALUES (915, 'test', 1, 20, '13000000913', 'byphone', 0);
INSERT INTO `user_info` VALUES (916, 'test', 1, 20, '13000000914', 'byphone', 0);
INSERT INTO `user_info` VALUES (917, 'test', 1, 20, '13000000915', 'byphone', 0);
INSERT INTO `user_info` VALUES (918, 'test', 1, 20, '13000000916', 'byphone', 0);
INSERT INTO `user_info` VALUES (919, 'test', 1, 20, '13000000917', 'byphone', 0);
INSERT INTO `user_info` VALUES (920, 'test', 1, 20, '13000000918', 'byphone', 0);
INSERT INTO `user_info` VALUES (921, 'test', 1, 20, '13000000919', 'byphone', 0);
INSERT INTO `user_info` VALUES (922, 'test', 1, 20, '13000000920', 'byphone', 0);
INSERT INTO `user_info` VALUES (923, 'test', 1, 20, '13000000921', 'byphone', 0);
INSERT INTO `user_info` VALUES (924, 'test', 1, 20, '13000000922', 'byphone', 0);
INSERT INTO `user_info` VALUES (925, 'test', 1, 20, '13000000923', 'byphone', 0);
INSERT INTO `user_info` VALUES (926, 'test', 1, 20, '13000000924', 'byphone', 0);
INSERT INTO `user_info` VALUES (927, 'test', 1, 20, '13000000925', 'byphone', 0);
INSERT INTO `user_info` VALUES (928, 'test', 1, 20, '13000000926', 'byphone', 0);
INSERT INTO `user_info` VALUES (929, 'test', 1, 20, '13000000927', 'byphone', 0);
INSERT INTO `user_info` VALUES (930, 'test', 1, 20, '13000000928', 'byphone', 0);
INSERT INTO `user_info` VALUES (931, 'test', 1, 20, '13000000929', 'byphone', 0);
INSERT INTO `user_info` VALUES (932, 'test', 1, 20, '13000000930', 'byphone', 0);
INSERT INTO `user_info` VALUES (933, 'test', 1, 20, '13000000931', 'byphone', 0);
INSERT INTO `user_info` VALUES (934, 'test', 1, 20, '13000000932', 'byphone', 0);
INSERT INTO `user_info` VALUES (935, 'test', 1, 20, '13000000933', 'byphone', 0);
INSERT INTO `user_info` VALUES (936, 'test', 1, 20, '13000000934', 'byphone', 0);
INSERT INTO `user_info` VALUES (937, 'test', 1, 20, '13000000935', 'byphone', 0);
INSERT INTO `user_info` VALUES (938, 'test', 1, 20, '13000000936', 'byphone', 0);
INSERT INTO `user_info` VALUES (939, 'test', 1, 20, '13000000937', 'byphone', 0);
INSERT INTO `user_info` VALUES (940, 'test', 1, 20, '13000000938', 'byphone', 0);
INSERT INTO `user_info` VALUES (941, 'test', 1, 20, '13000000939', 'byphone', 0);
INSERT INTO `user_info` VALUES (942, 'test', 1, 20, '13000000940', 'byphone', 0);
INSERT INTO `user_info` VALUES (943, 'test', 1, 20, '13000000941', 'byphone', 0);
INSERT INTO `user_info` VALUES (944, 'test', 1, 20, '13000000942', 'byphone', 0);
INSERT INTO `user_info` VALUES (945, 'test', 1, 20, '13000000943', 'byphone', 0);
INSERT INTO `user_info` VALUES (946, 'test', 1, 20, '13000000944', 'byphone', 0);
INSERT INTO `user_info` VALUES (947, 'test', 1, 20, '13000000945', 'byphone', 0);
INSERT INTO `user_info` VALUES (948, 'test', 1, 20, '13000000946', 'byphone', 0);
INSERT INTO `user_info` VALUES (949, 'test', 1, 20, '13000000947', 'byphone', 0);
INSERT INTO `user_info` VALUES (950, 'test', 1, 20, '13000000948', 'byphone', 0);
INSERT INTO `user_info` VALUES (951, 'test', 1, 20, '13000000949', 'byphone', 0);
INSERT INTO `user_info` VALUES (952, 'test', 1, 20, '13000000950', 'byphone', 0);
INSERT INTO `user_info` VALUES (953, 'test', 1, 20, '13000000951', 'byphone', 0);
INSERT INTO `user_info` VALUES (954, 'test', 1, 20, '13000000952', 'byphone', 0);
INSERT INTO `user_info` VALUES (955, 'test', 1, 20, '13000000953', 'byphone', 0);
INSERT INTO `user_info` VALUES (956, 'test', 1, 20, '13000000954', 'byphone', 0);
INSERT INTO `user_info` VALUES (957, 'test', 1, 20, '13000000955', 'byphone', 0);
INSERT INTO `user_info` VALUES (958, 'test', 1, 20, '13000000956', 'byphone', 0);
INSERT INTO `user_info` VALUES (959, 'test', 1, 20, '13000000957', 'byphone', 0);
INSERT INTO `user_info` VALUES (960, 'test', 1, 20, '13000000958', 'byphone', 0);
INSERT INTO `user_info` VALUES (961, 'test', 1, 20, '13000000959', 'byphone', 0);
INSERT INTO `user_info` VALUES (962, 'test', 1, 20, '13000000960', 'byphone', 0);
INSERT INTO `user_info` VALUES (963, 'test', 1, 20, '13000000961', 'byphone', 0);
INSERT INTO `user_info` VALUES (964, 'test', 1, 20, '13000000962', 'byphone', 0);
INSERT INTO `user_info` VALUES (965, 'test', 1, 20, '13000000963', 'byphone', 0);
INSERT INTO `user_info` VALUES (966, 'test', 1, 20, '13000000964', 'byphone', 0);
INSERT INTO `user_info` VALUES (967, 'test', 1, 20, '13000000965', 'byphone', 0);
INSERT INTO `user_info` VALUES (968, 'test', 1, 20, '13000000966', 'byphone', 0);
INSERT INTO `user_info` VALUES (969, 'test', 1, 20, '13000000967', 'byphone', 0);
INSERT INTO `user_info` VALUES (970, 'test', 1, 20, '13000000968', 'byphone', 0);
INSERT INTO `user_info` VALUES (971, 'test', 1, 20, '13000000969', 'byphone', 0);
INSERT INTO `user_info` VALUES (972, 'test', 1, 20, '13000000970', 'byphone', 0);
INSERT INTO `user_info` VALUES (973, 'test', 1, 20, '13000000971', 'byphone', 0);
INSERT INTO `user_info` VALUES (974, 'test', 1, 20, '13000000972', 'byphone', 0);
INSERT INTO `user_info` VALUES (975, 'test', 1, 20, '13000000973', 'byphone', 0);
INSERT INTO `user_info` VALUES (976, 'test', 1, 20, '13000000974', 'byphone', 0);
INSERT INTO `user_info` VALUES (977, 'test', 1, 20, '13000000975', 'byphone', 0);
INSERT INTO `user_info` VALUES (978, 'test', 1, 20, '13000000976', 'byphone', 0);
INSERT INTO `user_info` VALUES (979, 'test', 1, 20, '13000000977', 'byphone', 0);
INSERT INTO `user_info` VALUES (980, 'test', 1, 20, '13000000978', 'byphone', 0);
INSERT INTO `user_info` VALUES (981, 'test', 1, 20, '13000000979', 'byphone', 0);
INSERT INTO `user_info` VALUES (982, 'test', 1, 20, '13000000980', 'byphone', 0);
INSERT INTO `user_info` VALUES (983, 'test', 1, 20, '13000000981', 'byphone', 0);
INSERT INTO `user_info` VALUES (984, 'test', 1, 20, '13000000982', 'byphone', 0);
INSERT INTO `user_info` VALUES (985, 'test', 1, 20, '13000000983', 'byphone', 0);
INSERT INTO `user_info` VALUES (986, 'test', 1, 20, '13000000984', 'byphone', 0);
INSERT INTO `user_info` VALUES (987, 'test', 1, 20, '13000000985', 'byphone', 0);
INSERT INTO `user_info` VALUES (988, 'test', 1, 20, '13000000986', 'byphone', 0);
INSERT INTO `user_info` VALUES (989, 'test', 1, 20, '13000000987', 'byphone', 0);
INSERT INTO `user_info` VALUES (990, 'test', 1, 20, '13000000988', 'byphone', 0);
INSERT INTO `user_info` VALUES (991, 'test', 1, 20, '13000000989', 'byphone', 0);
INSERT INTO `user_info` VALUES (992, 'test', 1, 20, '13000000990', 'byphone', 0);
INSERT INTO `user_info` VALUES (993, 'test', 1, 20, '13000000991', 'byphone', 0);
INSERT INTO `user_info` VALUES (994, 'test', 1, 20, '13000000992', 'byphone', 0);
INSERT INTO `user_info` VALUES (995, 'test', 1, 20, '13000000993', 'byphone', 0);
INSERT INTO `user_info` VALUES (996, 'test', 1, 20, '13000000994', 'byphone', 0);
INSERT INTO `user_info` VALUES (997, 'test', 1, 20, '13000000995', 'byphone', 0);
INSERT INTO `user_info` VALUES (998, 'test', 1, 20, '13000000996', 'byphone', 0);
INSERT INTO `user_info` VALUES (999, 'test', 1, 20, '13000000997', 'byphone', 0);
INSERT INTO `user_info` VALUES (1000, 'test', 1, 20, '13000000998', 'byphone', 0);
INSERT INTO `user_info` VALUES (1001, 'test', 1, 20, '13000000999', 'byphone', 0);

-- ----------------------------
-- Table structure for user_password
-- ----------------------------
DROP TABLE IF EXISTS `user_password`;
CREATE TABLE `user_password`  (
  `id` int(11) NOT NULL AUTO_INCREMENT,
  `encrpt_password` varchar(128) CHARACTER SET utf8 COLLATE utf8_bin NOT NULL DEFAULT '',
  `user_id` int(11) NOT NULL DEFAULT 0,
  PRIMARY KEY (`id`) USING BTREE,
  INDEX `use_id`(`user_id`) USING BTREE
) ENGINE = InnoDB AUTO_INCREMENT = 1002 CHARACTER SET = utf8 COLLATE = utf8_bin ROW_FORMAT = Compact;

-- ----------------------------
-- Records of user_password
-- ----------------------------
INSERT INTO `user_password` VALUES (1, 'lueSGJZetyySpUndWjMBEg==', 1);
INSERT INTO `user_password` VALUES (2, 'lueSGJZetyySpUndWjMBEg==', 2);
INSERT INTO `user_password` VALUES (3, 'lueSGJZetyySpUndWjMBEg==', 3);
INSERT INTO `user_password` VALUES (4, 'lueSGJZetyySpUndWjMBEg==', 4);
INSERT INTO `user_password` VALUES (5, 'lueSGJZetyySpUndWjMBEg==', 5);
INSERT INTO `user_password` VALUES (6, 'lueSGJZetyySpUndWjMBEg==', 6);
INSERT INTO `user_password` VALUES (7, 'lueSGJZetyySpUndWjMBEg==', 7);
INSERT INTO `user_password` VALUES (8, 'lueSGJZetyySpUndWjMBEg==', 8);
INSERT INTO `user_password` VALUES (9, 'lueSGJZetyySpUndWjMBEg==', 9);
INSERT INTO `user_password` VALUES (10, 'lueSGJZetyySpUndWjMBEg==', 10);
INSERT INTO `user_password` VALUES (11, 'lueSGJZetyySpUndWjMBEg==', 11);
INSERT INTO `user_password` VALUES (12, 'lueSGJZetyySpUndWjMBEg==', 12);
INSERT INTO `user_password` VALUES (13, 'lueSGJZetyySpUndWjMBEg==', 13);
INSERT INTO `user_password` VALUES (14, 'lueSGJZetyySpUndWjMBEg==', 14);
INSERT INTO `user_password` VALUES (15, 'lueSGJZetyySpUndWjMBEg==', 15);
INSERT INTO `user_password` VALUES (16, 'lueSGJZetyySpUndWjMBEg==', 16);
INSERT INTO `user_password` VALUES (17, 'lueSGJZetyySpUndWjMBEg==', 17);
INSERT INTO `user_password` VALUES (18, 'lueSGJZetyySpUndWjMBEg==', 18);
INSERT INTO `user_password` VALUES (19, 'lueSGJZetyySpUndWjMBEg==', 19);
INSERT INTO `user_password` VALUES (20, 'lueSGJZetyySpUndWjMBEg==', 20);
INSERT INTO `user_password` VALUES (21, 'lueSGJZetyySpUndWjMBEg==', 21);
INSERT INTO `user_password` VALUES (22, 'lueSGJZetyySpUndWjMBEg==', 22);
INSERT INTO `user_password` VALUES (23, 'lueSGJZetyySpUndWjMBEg==', 23);
INSERT INTO `user_password` VALUES (24, 'lueSGJZetyySpUndWjMBEg==', 24);
INSERT INTO `user_password` VALUES (25, 'lueSGJZetyySpUndWjMBEg==', 25);
INSERT INTO `user_password` VALUES (26, 'lueSGJZetyySpUndWjMBEg==', 26);
INSERT INTO `user_password` VALUES (27, 'lueSGJZetyySpUndWjMBEg==', 27);
INSERT INTO `user_password` VALUES (28, 'lueSGJZetyySpUndWjMBEg==', 28);
INSERT INTO `user_password` VALUES (29, 'lueSGJZetyySpUndWjMBEg==', 29);
INSERT INTO `user_password` VALUES (30, 'lueSGJZetyySpUndWjMBEg==', 30);
INSERT INTO `user_password` VALUES (31, 'lueSGJZetyySpUndWjMBEg==', 31);
INSERT INTO `user_password` VALUES (32, 'lueSGJZetyySpUndWjMBEg==', 32);
INSERT INTO `user_password` VALUES (33, 'lueSGJZetyySpUndWjMBEg==', 33);
INSERT INTO `user_password` VALUES (34, 'lueSGJZetyySpUndWjMBEg==', 34);
INSERT INTO `user_password` VALUES (35, 'lueSGJZetyySpUndWjMBEg==', 35);
INSERT INTO `user_password` VALUES (36, 'lueSGJZetyySpUndWjMBEg==', 36);
INSERT INTO `user_password` VALUES (37, 'lueSGJZetyySpUndWjMBEg==', 37);
INSERT INTO `user_password` VALUES (38, 'lueSGJZetyySpUndWjMBEg==', 38);
INSERT INTO `user_password` VALUES (39, 'lueSGJZetyySpUndWjMBEg==', 39);
INSERT INTO `user_password` VALUES (40, 'lueSGJZetyySpUndWjMBEg==', 40);
INSERT INTO `user_password` VALUES (41, 'lueSGJZetyySpUndWjMBEg==', 41);
INSERT INTO `user_password` VALUES (42, 'lueSGJZetyySpUndWjMBEg==', 42);
INSERT INTO `user_password` VALUES (43, 'lueSGJZetyySpUndWjMBEg==', 43);
INSERT INTO `user_password` VALUES (44, 'lueSGJZetyySpUndWjMBEg==', 44);
INSERT INTO `user_password` VALUES (45, 'lueSGJZetyySpUndWjMBEg==', 45);
INSERT INTO `user_password` VALUES (46, 'lueSGJZetyySpUndWjMBEg==', 46);
INSERT INTO `user_password` VALUES (47, 'lueSGJZetyySpUndWjMBEg==', 47);
INSERT INTO `user_password` VALUES (48, 'lueSGJZetyySpUndWjMBEg==', 48);
INSERT INTO `user_password` VALUES (49, 'lueSGJZetyySpUndWjMBEg==', 49);
INSERT INTO `user_password` VALUES (50, 'lueSGJZetyySpUndWjMBEg==', 50);
INSERT INTO `user_password` VALUES (51, 'lueSGJZetyySpUndWjMBEg==', 51);
INSERT INTO `user_password` VALUES (52, 'lueSGJZetyySpUndWjMBEg==', 52);
INSERT INTO `user_password` VALUES (53, 'lueSGJZetyySpUndWjMBEg==', 53);
INSERT INTO `user_password` VALUES (54, 'lueSGJZetyySpUndWjMBEg==', 54);
INSERT INTO `user_password` VALUES (55, 'lueSGJZetyySpUndWjMBEg==', 55);
INSERT INTO `user_password` VALUES (56, 'lueSGJZetyySpUndWjMBEg==', 56);
INSERT INTO `user_password` VALUES (57, 'lueSGJZetyySpUndWjMBEg==', 57);
INSERT INTO `user_password` VALUES (58, 'lueSGJZetyySpUndWjMBEg==', 58);
INSERT INTO `user_password` VALUES (59, 'lueSGJZetyySpUndWjMBEg==', 59);
INSERT INTO `user_password` VALUES (60, 'lueSGJZetyySpUndWjMBEg==', 60);
INSERT INTO `user_password` VALUES (61, 'lueSGJZetyySpUndWjMBEg==', 61);
INSERT INTO `user_password` VALUES (62, 'lueSGJZetyySpUndWjMBEg==', 62);
INSERT INTO `user_password` VALUES (63, 'lueSGJZetyySpUndWjMBEg==', 63);
INSERT INTO `user_password` VALUES (64, 'lueSGJZetyySpUndWjMBEg==', 64);
INSERT INTO `user_password` VALUES (65, 'lueSGJZetyySpUndWjMBEg==', 65);
INSERT INTO `user_password` VALUES (66, 'lueSGJZetyySpUndWjMBEg==', 66);
INSERT INTO `user_password` VALUES (67, 'lueSGJZetyySpUndWjMBEg==', 67);
INSERT INTO `user_password` VALUES (68, 'lueSGJZetyySpUndWjMBEg==', 68);
INSERT INTO `user_password` VALUES (69, 'lueSGJZetyySpUndWjMBEg==', 69);
INSERT INTO `user_password` VALUES (70, 'lueSGJZetyySpUndWjMBEg==', 70);
INSERT INTO `user_password` VALUES (71, 'lueSGJZetyySpUndWjMBEg==', 71);
INSERT INTO `user_password` VALUES (72, 'lueSGJZetyySpUndWjMBEg==', 72);
INSERT INTO `user_password` VALUES (73, 'lueSGJZetyySpUndWjMBEg==', 73);
INSERT INTO `user_password` VALUES (74, 'lueSGJZetyySpUndWjMBEg==', 74);
INSERT INTO `user_password` VALUES (75, 'lueSGJZetyySpUndWjMBEg==', 75);
INSERT INTO `user_password` VALUES (76, 'lueSGJZetyySpUndWjMBEg==', 76);
INSERT INTO `user_password` VALUES (77, 'lueSGJZetyySpUndWjMBEg==', 77);
INSERT INTO `user_password` VALUES (78, 'lueSGJZetyySpUndWjMBEg==', 78);
INSERT INTO `user_password` VALUES (79, 'lueSGJZetyySpUndWjMBEg==', 79);
INSERT INTO `user_password` VALUES (80, 'lueSGJZetyySpUndWjMBEg==', 80);
INSERT INTO `user_password` VALUES (81, 'lueSGJZetyySpUndWjMBEg==', 81);
INSERT INTO `user_password` VALUES (82, 'lueSGJZetyySpUndWjMBEg==', 82);
INSERT INTO `user_password` VALUES (83, 'lueSGJZetyySpUndWjMBEg==', 83);
INSERT INTO `user_password` VALUES (84, 'lueSGJZetyySpUndWjMBEg==', 84);
INSERT INTO `user_password` VALUES (85, 'lueSGJZetyySpUndWjMBEg==', 85);
INSERT INTO `user_password` VALUES (86, 'lueSGJZetyySpUndWjMBEg==', 86);
INSERT INTO `user_password` VALUES (87, 'lueSGJZetyySpUndWjMBEg==', 87);
INSERT INTO `user_password` VALUES (88, 'lueSGJZetyySpUndWjMBEg==', 88);
INSERT INTO `user_password` VALUES (89, 'lueSGJZetyySpUndWjMBEg==', 89);
INSERT INTO `user_password` VALUES (90, 'lueSGJZetyySpUndWjMBEg==', 90);
INSERT INTO `user_password` VALUES (91, 'lueSGJZetyySpUndWjMBEg==', 91);
INSERT INTO `user_password` VALUES (92, 'lueSGJZetyySpUndWjMBEg==', 92);
INSERT INTO `user_password` VALUES (93, 'lueSGJZetyySpUndWjMBEg==', 93);
INSERT INTO `user_password` VALUES (94, 'lueSGJZetyySpUndWjMBEg==', 94);
INSERT INTO `user_password` VALUES (95, 'lueSGJZetyySpUndWjMBEg==', 95);
INSERT INTO `user_password` VALUES (96, 'lueSGJZetyySpUndWjMBEg==', 96);
INSERT INTO `user_password` VALUES (97, 'lueSGJZetyySpUndWjMBEg==', 97);
INSERT INTO `user_password` VALUES (98, 'lueSGJZetyySpUndWjMBEg==', 98);
INSERT INTO `user_password` VALUES (99, 'lueSGJZetyySpUndWjMBEg==', 99);
INSERT INTO `user_password` VALUES (100, 'lueSGJZetyySpUndWjMBEg==', 100);
INSERT INTO `user_password` VALUES (101, 'lueSGJZetyySpUndWjMBEg==', 101);
INSERT INTO `user_password` VALUES (102, 'lueSGJZetyySpUndWjMBEg==', 102);
INSERT INTO `user_password` VALUES (103, 'lueSGJZetyySpUndWjMBEg==', 103);
INSERT INTO `user_password` VALUES (104, 'lueSGJZetyySpUndWjMBEg==', 104);
INSERT INTO `user_password` VALUES (105, 'lueSGJZetyySpUndWjMBEg==', 105);
INSERT INTO `user_password` VALUES (106, 'lueSGJZetyySpUndWjMBEg==', 106);
INSERT INTO `user_password` VALUES (107, 'lueSGJZetyySpUndWjMBEg==', 107);
INSERT INTO `user_password` VALUES (108, 'lueSGJZetyySpUndWjMBEg==', 108);
INSERT INTO `user_password` VALUES (109, 'lueSGJZetyySpUndWjMBEg==', 109);
INSERT INTO `user_password` VALUES (110, 'lueSGJZetyySpUndWjMBEg==', 110);
INSERT INTO `user_password` VALUES (111, 'lueSGJZetyySpUndWjMBEg==', 111);
INSERT INTO `user_password` VALUES (112, 'lueSGJZetyySpUndWjMBEg==', 112);
INSERT INTO `user_password` VALUES (113, 'lueSGJZetyySpUndWjMBEg==', 113);
INSERT INTO `user_password` VALUES (114, 'lueSGJZetyySpUndWjMBEg==', 114);
INSERT INTO `user_password` VALUES (115, 'lueSGJZetyySpUndWjMBEg==', 115);
INSERT INTO `user_password` VALUES (116, 'lueSGJZetyySpUndWjMBEg==', 116);
INSERT INTO `user_password` VALUES (117, 'lueSGJZetyySpUndWjMBEg==', 117);
INSERT INTO `user_password` VALUES (118, 'lueSGJZetyySpUndWjMBEg==', 118);
INSERT INTO `user_password` VALUES (119, 'lueSGJZetyySpUndWjMBEg==', 119);
INSERT INTO `user_password` VALUES (120, 'lueSGJZetyySpUndWjMBEg==', 120);
INSERT INTO `user_password` VALUES (121, 'lueSGJZetyySpUndWjMBEg==', 121);
INSERT INTO `user_password` VALUES (122, 'lueSGJZetyySpUndWjMBEg==', 122);
INSERT INTO `user_password` VALUES (123, 'lueSGJZetyySpUndWjMBEg==', 123);
INSERT INTO `user_password` VALUES (124, 'lueSGJZetyySpUndWjMBEg==', 124);
INSERT INTO `user_password` VALUES (125, 'lueSGJZetyySpUndWjMBEg==', 125);
INSERT INTO `user_password` VALUES (126, 'lueSGJZetyySpUndWjMBEg==', 126);
INSERT INTO `user_password` VALUES (127, 'lueSGJZetyySpUndWjMBEg==', 127);
INSERT INTO `user_password` VALUES (128, 'lueSGJZetyySpUndWjMBEg==', 128);
INSERT INTO `user_password` VALUES (129, 'lueSGJZetyySpUndWjMBEg==', 129);
INSERT INTO `user_password` VALUES (130, 'lueSGJZetyySpUndWjMBEg==', 130);
INSERT INTO `user_password` VALUES (131, 'lueSGJZetyySpUndWjMBEg==', 131);
INSERT INTO `user_password` VALUES (132, 'lueSGJZetyySpUndWjMBEg==', 132);
INSERT INTO `user_password` VALUES (133, 'lueSGJZetyySpUndWjMBEg==', 133);
INSERT INTO `user_password` VALUES (134, 'lueSGJZetyySpUndWjMBEg==', 134);
INSERT INTO `user_password` VALUES (135, 'lueSGJZetyySpUndWjMBEg==', 135);
INSERT INTO `user_password` VALUES (136, 'lueSGJZetyySpUndWjMBEg==', 136);
INSERT INTO `user_password` VALUES (137, 'lueSGJZetyySpUndWjMBEg==', 137);
INSERT INTO `user_password` VALUES (138, 'lueSGJZetyySpUndWjMBEg==', 138);
INSERT INTO `user_password` VALUES (139, 'lueSGJZetyySpUndWjMBEg==', 139);
INSERT INTO `user_password` VALUES (140, 'lueSGJZetyySpUndWjMBEg==', 140);
INSERT INTO `user_password` VALUES (141, 'lueSGJZetyySpUndWjMBEg==', 141);
INSERT INTO `user_password` VALUES (142, 'lueSGJZetyySpUndWjMBEg==', 142);
INSERT INTO `user_password` VALUES (143, 'lueSGJZetyySpUndWjMBEg==', 143);
INSERT INTO `user_password` VALUES (144, 'lueSGJZetyySpUndWjMBEg==', 144);
INSERT INTO `user_password` VALUES (145, 'lueSGJZetyySpUndWjMBEg==', 145);
INSERT INTO `user_password` VALUES (146, 'lueSGJZetyySpUndWjMBEg==', 146);
INSERT INTO `user_password` VALUES (147, 'lueSGJZetyySpUndWjMBEg==', 147);
INSERT INTO `user_password` VALUES (148, 'lueSGJZetyySpUndWjMBEg==', 148);
INSERT INTO `user_password` VALUES (149, 'lueSGJZetyySpUndWjMBEg==', 149);
INSERT INTO `user_password` VALUES (150, 'lueSGJZetyySpUndWjMBEg==', 150);
INSERT INTO `user_password` VALUES (151, 'lueSGJZetyySpUndWjMBEg==', 151);
INSERT INTO `user_password` VALUES (152, 'lueSGJZetyySpUndWjMBEg==', 152);
INSERT INTO `user_password` VALUES (153, 'lueSGJZetyySpUndWjMBEg==', 153);
INSERT INTO `user_password` VALUES (154, 'lueSGJZetyySpUndWjMBEg==', 154);
INSERT INTO `user_password` VALUES (155, 'lueSGJZetyySpUndWjMBEg==', 155);
INSERT INTO `user_password` VALUES (156, 'lueSGJZetyySpUndWjMBEg==', 156);
INSERT INTO `user_password` VALUES (157, 'lueSGJZetyySpUndWjMBEg==', 157);
INSERT INTO `user_password` VALUES (158, 'lueSGJZetyySpUndWjMBEg==', 158);
INSERT INTO `user_password` VALUES (159, 'lueSGJZetyySpUndWjMBEg==', 159);
INSERT INTO `user_password` VALUES (160, 'lueSGJZetyySpUndWjMBEg==', 160);
INSERT INTO `user_password` VALUES (161, 'lueSGJZetyySpUndWjMBEg==', 161);
INSERT INTO `user_password` VALUES (162, 'lueSGJZetyySpUndWjMBEg==', 162);
INSERT INTO `user_password` VALUES (163, 'lueSGJZetyySpUndWjMBEg==', 163);
INSERT INTO `user_password` VALUES (164, 'lueSGJZetyySpUndWjMBEg==', 164);
INSERT INTO `user_password` VALUES (165, 'lueSGJZetyySpUndWjMBEg==', 165);
INSERT INTO `user_password` VALUES (166, 'lueSGJZetyySpUndWjMBEg==', 166);
INSERT INTO `user_password` VALUES (167, 'lueSGJZetyySpUndWjMBEg==', 167);
INSERT INTO `user_password` VALUES (168, 'lueSGJZetyySpUndWjMBEg==', 168);
INSERT INTO `user_password` VALUES (169, 'lueSGJZetyySpUndWjMBEg==', 169);
INSERT INTO `user_password` VALUES (170, 'lueSGJZetyySpUndWjMBEg==', 170);
INSERT INTO `user_password` VALUES (171, 'lueSGJZetyySpUndWjMBEg==', 171);
INSERT INTO `user_password` VALUES (172, 'lueSGJZetyySpUndWjMBEg==', 172);
INSERT INTO `user_password` VALUES (173, 'lueSGJZetyySpUndWjMBEg==', 173);
INSERT INTO `user_password` VALUES (174, 'lueSGJZetyySpUndWjMBEg==', 174);
INSERT INTO `user_password` VALUES (175, 'lueSGJZetyySpUndWjMBEg==', 175);
INSERT INTO `user_password` VALUES (176, 'lueSGJZetyySpUndWjMBEg==', 176);
INSERT INTO `user_password` VALUES (177, 'lueSGJZetyySpUndWjMBEg==', 177);
INSERT INTO `user_password` VALUES (178, 'lueSGJZetyySpUndWjMBEg==', 178);
INSERT INTO `user_password` VALUES (179, 'lueSGJZetyySpUndWjMBEg==', 179);
INSERT INTO `user_password` VALUES (180, 'lueSGJZetyySpUndWjMBEg==', 180);
INSERT INTO `user_password` VALUES (181, 'lueSGJZetyySpUndWjMBEg==', 181);
INSERT INTO `user_password` VALUES (182, 'lueSGJZetyySpUndWjMBEg==', 182);
INSERT INTO `user_password` VALUES (183, 'lueSGJZetyySpUndWjMBEg==', 183);
INSERT INTO `user_password` VALUES (184, 'lueSGJZetyySpUndWjMBEg==', 184);
INSERT INTO `user_password` VALUES (185, 'lueSGJZetyySpUndWjMBEg==', 185);
INSERT INTO `user_password` VALUES (186, 'lueSGJZetyySpUndWjMBEg==', 186);
INSERT INTO `user_password` VALUES (187, 'lueSGJZetyySpUndWjMBEg==', 187);
INSERT INTO `user_password` VALUES (188, 'lueSGJZetyySpUndWjMBEg==', 188);
INSERT INTO `user_password` VALUES (189, 'lueSGJZetyySpUndWjMBEg==', 189);
INSERT INTO `user_password` VALUES (190, 'lueSGJZetyySpUndWjMBEg==', 190);
INSERT INTO `user_password` VALUES (191, 'lueSGJZetyySpUndWjMBEg==', 191);
INSERT INTO `user_password` VALUES (192, 'lueSGJZetyySpUndWjMBEg==', 192);
INSERT INTO `user_password` VALUES (193, 'lueSGJZetyySpUndWjMBEg==', 193);
INSERT INTO `user_password` VALUES (194, 'lueSGJZetyySpUndWjMBEg==', 194);
INSERT INTO `user_password` VALUES (195, 'lueSGJZetyySpUndWjMBEg==', 195);
INSERT INTO `user_password` VALUES (196, 'lueSGJZetyySpUndWjMBEg==', 196);
INSERT INTO `user_password` VALUES (197, 'lueSGJZetyySpUndWjMBEg==', 197);
INSERT INTO `user_password` VALUES (198, 'lueSGJZetyySpUndWjMBEg==', 198);
INSERT INTO `user_password` VALUES (199, 'lueSGJZetyySpUndWjMBEg==', 199);
INSERT INTO `user_password` VALUES (200, 'lueSGJZetyySpUndWjMBEg==', 200);
INSERT INTO `user_password` VALUES (201, 'lueSGJZetyySpUndWjMBEg==', 201);
INSERT INTO `user_password` VALUES (202, 'lueSGJZetyySpUndWjMBEg==', 202);
INSERT INTO `user_password` VALUES (203, 'lueSGJZetyySpUndWjMBEg==', 203);
INSERT INTO `user_password` VALUES (204, 'lueSGJZetyySpUndWjMBEg==', 204);
INSERT INTO `user_password` VALUES (205, 'lueSGJZetyySpUndWjMBEg==', 205);
INSERT INTO `user_password` VALUES (206, 'lueSGJZetyySpUndWjMBEg==', 206);
INSERT INTO `user_password` VALUES (207, 'lueSGJZetyySpUndWjMBEg==', 207);
INSERT INTO `user_password` VALUES (208, 'lueSGJZetyySpUndWjMBEg==', 208);
INSERT INTO `user_password` VALUES (209, 'lueSGJZetyySpUndWjMBEg==', 209);
INSERT INTO `user_password` VALUES (210, 'lueSGJZetyySpUndWjMBEg==', 210);
INSERT INTO `user_password` VALUES (211, 'lueSGJZetyySpUndWjMBEg==', 211);
INSERT INTO `user_password` VALUES (212, 'lueSGJZetyySpUndWjMBEg==', 212);
INSERT INTO `user_password` VALUES (213, 'lueSGJZetyySpUndWjMBEg==', 213);
INSERT INTO `user_password` VALUES (214, 'lueSGJZetyySpUndWjMBEg==', 214);
INSERT INTO `user_password` VALUES (215, 'lueSGJZetyySpUndWjMBEg==', 215);
INSERT INTO `user_password` VALUES (216, 'lueSGJZetyySpUndWjMBEg==', 216);
INSERT INTO `user_password` VALUES (217, 'lueSGJZetyySpUndWjMBEg==', 217);
INSERT INTO `user_password` VALUES (218, 'lueSGJZetyySpUndWjMBEg==', 218);
INSERT INTO `user_password` VALUES (219, 'lueSGJZetyySpUndWjMBEg==', 219);
INSERT INTO `user_password` VALUES (220, 'lueSGJZetyySpUndWjMBEg==', 220);
INSERT INTO `user_password` VALUES (221, 'lueSGJZetyySpUndWjMBEg==', 221);
INSERT INTO `user_password` VALUES (222, 'lueSGJZetyySpUndWjMBEg==', 222);
INSERT INTO `user_password` VALUES (223, 'lueSGJZetyySpUndWjMBEg==', 223);
INSERT INTO `user_password` VALUES (224, 'lueSGJZetyySpUndWjMBEg==', 224);
INSERT INTO `user_password` VALUES (225, 'lueSGJZetyySpUndWjMBEg==', 225);
INSERT INTO `user_password` VALUES (226, 'lueSGJZetyySpUndWjMBEg==', 226);
INSERT INTO `user_password` VALUES (227, 'lueSGJZetyySpUndWjMBEg==', 227);
INSERT INTO `user_password` VALUES (228, 'lueSGJZetyySpUndWjMBEg==', 228);
INSERT INTO `user_password` VALUES (229, 'lueSGJZetyySpUndWjMBEg==', 229);
INSERT INTO `user_password` VALUES (230, 'lueSGJZetyySpUndWjMBEg==', 230);
INSERT INTO `user_password` VALUES (231, 'lueSGJZetyySpUndWjMBEg==', 231);
INSERT INTO `user_password` VALUES (232, 'lueSGJZetyySpUndWjMBEg==', 232);
INSERT INTO `user_password` VALUES (233, 'lueSGJZetyySpUndWjMBEg==', 233);
INSERT INTO `user_password` VALUES (234, 'lueSGJZetyySpUndWjMBEg==', 234);
INSERT INTO `user_password` VALUES (235, 'lueSGJZetyySpUndWjMBEg==', 235);
INSERT INTO `user_password` VALUES (236, 'lueSGJZetyySpUndWjMBEg==', 236);
INSERT INTO `user_password` VALUES (237, 'lueSGJZetyySpUndWjMBEg==', 237);
INSERT INTO `user_password` VALUES (238, 'lueSGJZetyySpUndWjMBEg==', 238);
INSERT INTO `user_password` VALUES (239, 'lueSGJZetyySpUndWjMBEg==', 239);
INSERT INTO `user_password` VALUES (240, 'lueSGJZetyySpUndWjMBEg==', 240);
INSERT INTO `user_password` VALUES (241, 'lueSGJZetyySpUndWjMBEg==', 241);
INSERT INTO `user_password` VALUES (242, 'lueSGJZetyySpUndWjMBEg==', 242);
INSERT INTO `user_password` VALUES (243, 'lueSGJZetyySpUndWjMBEg==', 243);
INSERT INTO `user_password` VALUES (244, 'lueSGJZetyySpUndWjMBEg==', 244);
INSERT INTO `user_password` VALUES (245, 'lueSGJZetyySpUndWjMBEg==', 245);
INSERT INTO `user_password` VALUES (246, 'lueSGJZetyySpUndWjMBEg==', 246);
INSERT INTO `user_password` VALUES (247, 'lueSGJZetyySpUndWjMBEg==', 247);
INSERT INTO `user_password` VALUES (248, 'lueSGJZetyySpUndWjMBEg==', 248);
INSERT INTO `user_password` VALUES (249, 'lueSGJZetyySpUndWjMBEg==', 249);
INSERT INTO `user_password` VALUES (250, 'lueSGJZetyySpUndWjMBEg==', 250);
INSERT INTO `user_password` VALUES (251, 'lueSGJZetyySpUndWjMBEg==', 251);
INSERT INTO `user_password` VALUES (252, 'lueSGJZetyySpUndWjMBEg==', 252);
INSERT INTO `user_password` VALUES (253, 'lueSGJZetyySpUndWjMBEg==', 253);
INSERT INTO `user_password` VALUES (254, 'lueSGJZetyySpUndWjMBEg==', 254);
INSERT INTO `user_password` VALUES (255, 'lueSGJZetyySpUndWjMBEg==', 255);
INSERT INTO `user_password` VALUES (256, 'lueSGJZetyySpUndWjMBEg==', 256);
INSERT INTO `user_password` VALUES (257, 'lueSGJZetyySpUndWjMBEg==', 257);
INSERT INTO `user_password` VALUES (258, 'lueSGJZetyySpUndWjMBEg==', 258);
INSERT INTO `user_password` VALUES (259, 'lueSGJZetyySpUndWjMBEg==', 259);
INSERT INTO `user_password` VALUES (260, 'lueSGJZetyySpUndWjMBEg==', 260);
INSERT INTO `user_password` VALUES (261, 'lueSGJZetyySpUndWjMBEg==', 261);
INSERT INTO `user_password` VALUES (262, 'lueSGJZetyySpUndWjMBEg==', 262);
INSERT INTO `user_password` VALUES (263, 'lueSGJZetyySpUndWjMBEg==', 263);
INSERT INTO `user_password` VALUES (264, 'lueSGJZetyySpUndWjMBEg==', 264);
INSERT INTO `user_password` VALUES (265, 'lueSGJZetyySpUndWjMBEg==', 265);
INSERT INTO `user_password` VALUES (266, 'lueSGJZetyySpUndWjMBEg==', 266);
INSERT INTO `user_password` VALUES (267, 'lueSGJZetyySpUndWjMBEg==', 267);
INSERT INTO `user_password` VALUES (268, 'lueSGJZetyySpUndWjMBEg==', 268);
INSERT INTO `user_password` VALUES (269, 'lueSGJZetyySpUndWjMBEg==', 269);
INSERT INTO `user_password` VALUES (270, 'lueSGJZetyySpUndWjMBEg==', 270);
INSERT INTO `user_password` VALUES (271, 'lueSGJZetyySpUndWjMBEg==', 271);
INSERT INTO `user_password` VALUES (272, 'lueSGJZetyySpUndWjMBEg==', 272);
INSERT INTO `user_password` VALUES (273, 'lueSGJZetyySpUndWjMBEg==', 273);
INSERT INTO `user_password` VALUES (274, 'lueSGJZetyySpUndWjMBEg==', 274);
INSERT INTO `user_password` VALUES (275, 'lueSGJZetyySpUndWjMBEg==', 275);
INSERT INTO `user_password` VALUES (276, 'lueSGJZetyySpUndWjMBEg==', 276);
INSERT INTO `user_password` VALUES (277, 'lueSGJZetyySpUndWjMBEg==', 277);
INSERT INTO `user_password` VALUES (278, 'lueSGJZetyySpUndWjMBEg==', 278);
INSERT INTO `user_password` VALUES (279, 'lueSGJZetyySpUndWjMBEg==', 279);
INSERT INTO `user_password` VALUES (280, 'lueSGJZetyySpUndWjMBEg==', 280);
INSERT INTO `user_password` VALUES (281, 'lueSGJZetyySpUndWjMBEg==', 281);
INSERT INTO `user_password` VALUES (282, 'lueSGJZetyySpUndWjMBEg==', 282);
INSERT INTO `user_password` VALUES (283, 'lueSGJZetyySpUndWjMBEg==', 283);
INSERT INTO `user_password` VALUES (284, 'lueSGJZetyySpUndWjMBEg==', 284);
INSERT INTO `user_password` VALUES (285, 'lueSGJZetyySpUndWjMBEg==', 285);
INSERT INTO `user_password` VALUES (286, 'lueSGJZetyySpUndWjMBEg==', 286);
INSERT INTO `user_password` VALUES (287, 'lueSGJZetyySpUndWjMBEg==', 287);
INSERT INTO `user_password` VALUES (288, 'lueSGJZetyySpUndWjMBEg==', 288);
INSERT INTO `user_password` VALUES (289, 'lueSGJZetyySpUndWjMBEg==', 289);
INSERT INTO `user_password` VALUES (290, 'lueSGJZetyySpUndWjMBEg==', 290);
INSERT INTO `user_password` VALUES (291, 'lueSGJZetyySpUndWjMBEg==', 291);
INSERT INTO `user_password` VALUES (292, 'lueSGJZetyySpUndWjMBEg==', 292);
INSERT INTO `user_password` VALUES (293, 'lueSGJZetyySpUndWjMBEg==', 293);
INSERT INTO `user_password` VALUES (294, 'lueSGJZetyySpUndWjMBEg==', 294);
INSERT INTO `user_password` VALUES (295, 'lueSGJZetyySpUndWjMBEg==', 295);
INSERT INTO `user_password` VALUES (296, 'lueSGJZetyySpUndWjMBEg==', 296);
INSERT INTO `user_password` VALUES (297, 'lueSGJZetyySpUndWjMBEg==', 297);
INSERT INTO `user_password` VALUES (298, 'lueSGJZetyySpUndWjMBEg==', 298);
INSERT INTO `user_password` VALUES (299, 'lueSGJZetyySpUndWjMBEg==', 299);
INSERT INTO `user_password` VALUES (300, 'lueSGJZetyySpUndWjMBEg==', 300);
INSERT INTO `user_password` VALUES (301, 'lueSGJZetyySpUndWjMBEg==', 301);
INSERT INTO `user_password` VALUES (302, 'lueSGJZetyySpUndWjMBEg==', 302);
INSERT INTO `user_password` VALUES (303, 'lueSGJZetyySpUndWjMBEg==', 303);
INSERT INTO `user_password` VALUES (304, 'lueSGJZetyySpUndWjMBEg==', 304);
INSERT INTO `user_password` VALUES (305, 'lueSGJZetyySpUndWjMBEg==', 305);
INSERT INTO `user_password` VALUES (306, 'lueSGJZetyySpUndWjMBEg==', 306);
INSERT INTO `user_password` VALUES (307, 'lueSGJZetyySpUndWjMBEg==', 307);
INSERT INTO `user_password` VALUES (308, 'lueSGJZetyySpUndWjMBEg==', 308);
INSERT INTO `user_password` VALUES (309, 'lueSGJZetyySpUndWjMBEg==', 309);
INSERT INTO `user_password` VALUES (310, 'lueSGJZetyySpUndWjMBEg==', 310);
INSERT INTO `user_password` VALUES (311, 'lueSGJZetyySpUndWjMBEg==', 311);
INSERT INTO `user_password` VALUES (312, 'lueSGJZetyySpUndWjMBEg==', 312);
INSERT INTO `user_password` VALUES (313, 'lueSGJZetyySpUndWjMBEg==', 313);
INSERT INTO `user_password` VALUES (314, 'lueSGJZetyySpUndWjMBEg==', 314);
INSERT INTO `user_password` VALUES (315, 'lueSGJZetyySpUndWjMBEg==', 315);
INSERT INTO `user_password` VALUES (316, 'lueSGJZetyySpUndWjMBEg==', 316);
INSERT INTO `user_password` VALUES (317, 'lueSGJZetyySpUndWjMBEg==', 317);
INSERT INTO `user_password` VALUES (318, 'lueSGJZetyySpUndWjMBEg==', 318);
INSERT INTO `user_password` VALUES (319, 'lueSGJZetyySpUndWjMBEg==', 319);
INSERT INTO `user_password` VALUES (320, 'lueSGJZetyySpUndWjMBEg==', 320);
INSERT INTO `user_password` VALUES (321, 'lueSGJZetyySpUndWjMBEg==', 321);
INSERT INTO `user_password` VALUES (322, 'lueSGJZetyySpUndWjMBEg==', 322);
INSERT INTO `user_password` VALUES (323, 'lueSGJZetyySpUndWjMBEg==', 323);
INSERT INTO `user_password` VALUES (324, 'lueSGJZetyySpUndWjMBEg==', 324);
INSERT INTO `user_password` VALUES (325, 'lueSGJZetyySpUndWjMBEg==', 325);
INSERT INTO `user_password` VALUES (326, 'lueSGJZetyySpUndWjMBEg==', 326);
INSERT INTO `user_password` VALUES (327, 'lueSGJZetyySpUndWjMBEg==', 327);
INSERT INTO `user_password` VALUES (328, 'lueSGJZetyySpUndWjMBEg==', 328);
INSERT INTO `user_password` VALUES (329, 'lueSGJZetyySpUndWjMBEg==', 329);
INSERT INTO `user_password` VALUES (330, 'lueSGJZetyySpUndWjMBEg==', 330);
INSERT INTO `user_password` VALUES (331, 'lueSGJZetyySpUndWjMBEg==', 331);
INSERT INTO `user_password` VALUES (332, 'lueSGJZetyySpUndWjMBEg==', 332);
INSERT INTO `user_password` VALUES (333, 'lueSGJZetyySpUndWjMBEg==', 333);
INSERT INTO `user_password` VALUES (334, 'lueSGJZetyySpUndWjMBEg==', 334);
INSERT INTO `user_password` VALUES (335, 'lueSGJZetyySpUndWjMBEg==', 335);
INSERT INTO `user_password` VALUES (336, 'lueSGJZetyySpUndWjMBEg==', 336);
INSERT INTO `user_password` VALUES (337, 'lueSGJZetyySpUndWjMBEg==', 337);
INSERT INTO `user_password` VALUES (338, 'lueSGJZetyySpUndWjMBEg==', 338);
INSERT INTO `user_password` VALUES (339, 'lueSGJZetyySpUndWjMBEg==', 339);
INSERT INTO `user_password` VALUES (340, 'lueSGJZetyySpUndWjMBEg==', 340);
INSERT INTO `user_password` VALUES (341, 'lueSGJZetyySpUndWjMBEg==', 341);
INSERT INTO `user_password` VALUES (342, 'lueSGJZetyySpUndWjMBEg==', 342);
INSERT INTO `user_password` VALUES (343, 'lueSGJZetyySpUndWjMBEg==', 343);
INSERT INTO `user_password` VALUES (344, 'lueSGJZetyySpUndWjMBEg==', 344);
INSERT INTO `user_password` VALUES (345, 'lueSGJZetyySpUndWjMBEg==', 345);
INSERT INTO `user_password` VALUES (346, 'lueSGJZetyySpUndWjMBEg==', 346);
INSERT INTO `user_password` VALUES (347, 'lueSGJZetyySpUndWjMBEg==', 347);
INSERT INTO `user_password` VALUES (348, 'lueSGJZetyySpUndWjMBEg==', 348);
INSERT INTO `user_password` VALUES (349, 'lueSGJZetyySpUndWjMBEg==', 349);
INSERT INTO `user_password` VALUES (350, 'lueSGJZetyySpUndWjMBEg==', 350);
INSERT INTO `user_password` VALUES (351, 'lueSGJZetyySpUndWjMBEg==', 351);
INSERT INTO `user_password` VALUES (352, 'lueSGJZetyySpUndWjMBEg==', 352);
INSERT INTO `user_password` VALUES (353, 'lueSGJZetyySpUndWjMBEg==', 353);
INSERT INTO `user_password` VALUES (354, 'lueSGJZetyySpUndWjMBEg==', 354);
INSERT INTO `user_password` VALUES (355, 'lueSGJZetyySpUndWjMBEg==', 355);
INSERT INTO `user_password` VALUES (356, 'lueSGJZetyySpUndWjMBEg==', 356);
INSERT INTO `user_password` VALUES (357, 'lueSGJZetyySpUndWjMBEg==', 357);
INSERT INTO `user_password` VALUES (358, 'lueSGJZetyySpUndWjMBEg==', 358);
INSERT INTO `user_password` VALUES (359, 'lueSGJZetyySpUndWjMBEg==', 359);
INSERT INTO `user_password` VALUES (360, 'lueSGJZetyySpUndWjMBEg==', 360);
INSERT INTO `user_password` VALUES (361, 'lueSGJZetyySpUndWjMBEg==', 361);
INSERT INTO `user_password` VALUES (362, 'lueSGJZetyySpUndWjMBEg==', 362);
INSERT INTO `user_password` VALUES (363, 'lueSGJZetyySpUndWjMBEg==', 363);
INSERT INTO `user_password` VALUES (364, 'lueSGJZetyySpUndWjMBEg==', 364);
INSERT INTO `user_password` VALUES (365, 'lueSGJZetyySpUndWjMBEg==', 365);
INSERT INTO `user_password` VALUES (366, 'lueSGJZetyySpUndWjMBEg==', 366);
INSERT INTO `user_password` VALUES (367, 'lueSGJZetyySpUndWjMBEg==', 367);
INSERT INTO `user_password` VALUES (368, 'lueSGJZetyySpUndWjMBEg==', 368);
INSERT INTO `user_password` VALUES (369, 'lueSGJZetyySpUndWjMBEg==', 369);
INSERT INTO `user_password` VALUES (370, 'lueSGJZetyySpUndWjMBEg==', 370);
INSERT INTO `user_password` VALUES (371, 'lueSGJZetyySpUndWjMBEg==', 371);
INSERT INTO `user_password` VALUES (372, 'lueSGJZetyySpUndWjMBEg==', 372);
INSERT INTO `user_password` VALUES (373, 'lueSGJZetyySpUndWjMBEg==', 373);
INSERT INTO `user_password` VALUES (374, 'lueSGJZetyySpUndWjMBEg==', 374);
INSERT INTO `user_password` VALUES (375, 'lueSGJZetyySpUndWjMBEg==', 375);
INSERT INTO `user_password` VALUES (376, 'lueSGJZetyySpUndWjMBEg==', 376);
INSERT INTO `user_password` VALUES (377, 'lueSGJZetyySpUndWjMBEg==', 377);
INSERT INTO `user_password` VALUES (378, 'lueSGJZetyySpUndWjMBEg==', 378);
INSERT INTO `user_password` VALUES (379, 'lueSGJZetyySpUndWjMBEg==', 379);
INSERT INTO `user_password` VALUES (380, 'lueSGJZetyySpUndWjMBEg==', 380);
INSERT INTO `user_password` VALUES (381, 'lueSGJZetyySpUndWjMBEg==', 381);
INSERT INTO `user_password` VALUES (382, 'lueSGJZetyySpUndWjMBEg==', 382);
INSERT INTO `user_password` VALUES (383, 'lueSGJZetyySpUndWjMBEg==', 383);
INSERT INTO `user_password` VALUES (384, 'lueSGJZetyySpUndWjMBEg==', 384);
INSERT INTO `user_password` VALUES (385, 'lueSGJZetyySpUndWjMBEg==', 385);
INSERT INTO `user_password` VALUES (386, 'lueSGJZetyySpUndWjMBEg==', 386);
INSERT INTO `user_password` VALUES (387, 'lueSGJZetyySpUndWjMBEg==', 387);
INSERT INTO `user_password` VALUES (388, 'lueSGJZetyySpUndWjMBEg==', 388);
INSERT INTO `user_password` VALUES (389, 'lueSGJZetyySpUndWjMBEg==', 389);
INSERT INTO `user_password` VALUES (390, 'lueSGJZetyySpUndWjMBEg==', 390);
INSERT INTO `user_password` VALUES (391, 'lueSGJZetyySpUndWjMBEg==', 391);
INSERT INTO `user_password` VALUES (392, 'lueSGJZetyySpUndWjMBEg==', 392);
INSERT INTO `user_password` VALUES (393, 'lueSGJZetyySpUndWjMBEg==', 393);
INSERT INTO `user_password` VALUES (394, 'lueSGJZetyySpUndWjMBEg==', 394);
INSERT INTO `user_password` VALUES (395, 'lueSGJZetyySpUndWjMBEg==', 395);
INSERT INTO `user_password` VALUES (396, 'lueSGJZetyySpUndWjMBEg==', 396);
INSERT INTO `user_password` VALUES (397, 'lueSGJZetyySpUndWjMBEg==', 397);
INSERT INTO `user_password` VALUES (398, 'lueSGJZetyySpUndWjMBEg==', 398);
INSERT INTO `user_password` VALUES (399, 'lueSGJZetyySpUndWjMBEg==', 399);
INSERT INTO `user_password` VALUES (400, 'lueSGJZetyySpUndWjMBEg==', 400);
INSERT INTO `user_password` VALUES (401, 'lueSGJZetyySpUndWjMBEg==', 401);
INSERT INTO `user_password` VALUES (402, 'lueSGJZetyySpUndWjMBEg==', 402);
INSERT INTO `user_password` VALUES (403, 'lueSGJZetyySpUndWjMBEg==', 403);
INSERT INTO `user_password` VALUES (404, 'lueSGJZetyySpUndWjMBEg==', 404);
INSERT INTO `user_password` VALUES (405, 'lueSGJZetyySpUndWjMBEg==', 405);
INSERT INTO `user_password` VALUES (406, 'lueSGJZetyySpUndWjMBEg==', 406);
INSERT INTO `user_password` VALUES (407, 'lueSGJZetyySpUndWjMBEg==', 407);
INSERT INTO `user_password` VALUES (408, 'lueSGJZetyySpUndWjMBEg==', 408);
INSERT INTO `user_password` VALUES (409, 'lueSGJZetyySpUndWjMBEg==', 409);
INSERT INTO `user_password` VALUES (410, 'lueSGJZetyySpUndWjMBEg==', 410);
INSERT INTO `user_password` VALUES (411, 'lueSGJZetyySpUndWjMBEg==', 411);
INSERT INTO `user_password` VALUES (412, 'lueSGJZetyySpUndWjMBEg==', 412);
INSERT INTO `user_password` VALUES (413, 'lueSGJZetyySpUndWjMBEg==', 413);
INSERT INTO `user_password` VALUES (414, 'lueSGJZetyySpUndWjMBEg==', 414);
INSERT INTO `user_password` VALUES (415, 'lueSGJZetyySpUndWjMBEg==', 415);
INSERT INTO `user_password` VALUES (416, 'lueSGJZetyySpUndWjMBEg==', 416);
INSERT INTO `user_password` VALUES (417, 'lueSGJZetyySpUndWjMBEg==', 417);
INSERT INTO `user_password` VALUES (418, 'lueSGJZetyySpUndWjMBEg==', 418);
INSERT INTO `user_password` VALUES (419, 'lueSGJZetyySpUndWjMBEg==', 419);
INSERT INTO `user_password` VALUES (420, 'lueSGJZetyySpUndWjMBEg==', 420);
INSERT INTO `user_password` VALUES (421, 'lueSGJZetyySpUndWjMBEg==', 421);
INSERT INTO `user_password` VALUES (422, 'lueSGJZetyySpUndWjMBEg==', 422);
INSERT INTO `user_password` VALUES (423, 'lueSGJZetyySpUndWjMBEg==', 423);
INSERT INTO `user_password` VALUES (424, 'lueSGJZetyySpUndWjMBEg==', 424);
INSERT INTO `user_password` VALUES (425, 'lueSGJZetyySpUndWjMBEg==', 425);
INSERT INTO `user_password` VALUES (426, 'lueSGJZetyySpUndWjMBEg==', 426);
INSERT INTO `user_password` VALUES (427, 'lueSGJZetyySpUndWjMBEg==', 427);
INSERT INTO `user_password` VALUES (428, 'lueSGJZetyySpUndWjMBEg==', 428);
INSERT INTO `user_password` VALUES (429, 'lueSGJZetyySpUndWjMBEg==', 429);
INSERT INTO `user_password` VALUES (430, 'lueSGJZetyySpUndWjMBEg==', 430);
INSERT INTO `user_password` VALUES (431, 'lueSGJZetyySpUndWjMBEg==', 431);
INSERT INTO `user_password` VALUES (432, 'lueSGJZetyySpUndWjMBEg==', 432);
INSERT INTO `user_password` VALUES (433, 'lueSGJZetyySpUndWjMBEg==', 433);
INSERT INTO `user_password` VALUES (434, 'lueSGJZetyySpUndWjMBEg==', 434);
INSERT INTO `user_password` VALUES (435, 'lueSGJZetyySpUndWjMBEg==', 435);
INSERT INTO `user_password` VALUES (436, 'lueSGJZetyySpUndWjMBEg==', 436);
INSERT INTO `user_password` VALUES (437, 'lueSGJZetyySpUndWjMBEg==', 437);
INSERT INTO `user_password` VALUES (438, 'lueSGJZetyySpUndWjMBEg==', 438);
INSERT INTO `user_password` VALUES (439, 'lueSGJZetyySpUndWjMBEg==', 439);
INSERT INTO `user_password` VALUES (440, 'lueSGJZetyySpUndWjMBEg==', 440);
INSERT INTO `user_password` VALUES (441, 'lueSGJZetyySpUndWjMBEg==', 441);
INSERT INTO `user_password` VALUES (442, 'lueSGJZetyySpUndWjMBEg==', 442);
INSERT INTO `user_password` VALUES (443, 'lueSGJZetyySpUndWjMBEg==', 443);
INSERT INTO `user_password` VALUES (444, 'lueSGJZetyySpUndWjMBEg==', 444);
INSERT INTO `user_password` VALUES (445, 'lueSGJZetyySpUndWjMBEg==', 445);
INSERT INTO `user_password` VALUES (446, 'lueSGJZetyySpUndWjMBEg==', 446);
INSERT INTO `user_password` VALUES (447, 'lueSGJZetyySpUndWjMBEg==', 447);
INSERT INTO `user_password` VALUES (448, 'lueSGJZetyySpUndWjMBEg==', 448);
INSERT INTO `user_password` VALUES (449, 'lueSGJZetyySpUndWjMBEg==', 449);
INSERT INTO `user_password` VALUES (450, 'lueSGJZetyySpUndWjMBEg==', 450);
INSERT INTO `user_password` VALUES (451, 'lueSGJZetyySpUndWjMBEg==', 451);
INSERT INTO `user_password` VALUES (452, 'lueSGJZetyySpUndWjMBEg==', 452);
INSERT INTO `user_password` VALUES (453, 'lueSGJZetyySpUndWjMBEg==', 453);
INSERT INTO `user_password` VALUES (454, 'lueSGJZetyySpUndWjMBEg==', 454);
INSERT INTO `user_password` VALUES (455, 'lueSGJZetyySpUndWjMBEg==', 455);
INSERT INTO `user_password` VALUES (456, 'lueSGJZetyySpUndWjMBEg==', 456);
INSERT INTO `user_password` VALUES (457, 'lueSGJZetyySpUndWjMBEg==', 457);
INSERT INTO `user_password` VALUES (458, 'lueSGJZetyySpUndWjMBEg==', 458);
INSERT INTO `user_password` VALUES (459, 'lueSGJZetyySpUndWjMBEg==', 459);
INSERT INTO `user_password` VALUES (460, 'lueSGJZetyySpUndWjMBEg==', 460);
INSERT INTO `user_password` VALUES (461, 'lueSGJZetyySpUndWjMBEg==', 461);
INSERT INTO `user_password` VALUES (462, 'lueSGJZetyySpUndWjMBEg==', 462);
INSERT INTO `user_password` VALUES (463, 'lueSGJZetyySpUndWjMBEg==', 463);
INSERT INTO `user_password` VALUES (464, 'lueSGJZetyySpUndWjMBEg==', 464);
INSERT INTO `user_password` VALUES (465, 'lueSGJZetyySpUndWjMBEg==', 465);
INSERT INTO `user_password` VALUES (466, 'lueSGJZetyySpUndWjMBEg==', 466);
INSERT INTO `user_password` VALUES (467, 'lueSGJZetyySpUndWjMBEg==', 467);
INSERT INTO `user_password` VALUES (468, 'lueSGJZetyySpUndWjMBEg==', 468);
INSERT INTO `user_password` VALUES (469, 'lueSGJZetyySpUndWjMBEg==', 469);
INSERT INTO `user_password` VALUES (470, 'lueSGJZetyySpUndWjMBEg==', 470);
INSERT INTO `user_password` VALUES (471, 'lueSGJZetyySpUndWjMBEg==', 471);
INSERT INTO `user_password` VALUES (472, 'lueSGJZetyySpUndWjMBEg==', 472);
INSERT INTO `user_password` VALUES (473, 'lueSGJZetyySpUndWjMBEg==', 473);
INSERT INTO `user_password` VALUES (474, 'lueSGJZetyySpUndWjMBEg==', 474);
INSERT INTO `user_password` VALUES (475, 'lueSGJZetyySpUndWjMBEg==', 475);
INSERT INTO `user_password` VALUES (476, 'lueSGJZetyySpUndWjMBEg==', 476);
INSERT INTO `user_password` VALUES (477, 'lueSGJZetyySpUndWjMBEg==', 477);
INSERT INTO `user_password` VALUES (478, 'lueSGJZetyySpUndWjMBEg==', 478);
INSERT INTO `user_password` VALUES (479, 'lueSGJZetyySpUndWjMBEg==', 479);
INSERT INTO `user_password` VALUES (480, 'lueSGJZetyySpUndWjMBEg==', 480);
INSERT INTO `user_password` VALUES (481, 'lueSGJZetyySpUndWjMBEg==', 481);
INSERT INTO `user_password` VALUES (482, 'lueSGJZetyySpUndWjMBEg==', 482);
INSERT INTO `user_password` VALUES (483, 'lueSGJZetyySpUndWjMBEg==', 483);
INSERT INTO `user_password` VALUES (484, 'lueSGJZetyySpUndWjMBEg==', 484);
INSERT INTO `user_password` VALUES (485, 'lueSGJZetyySpUndWjMBEg==', 485);
INSERT INTO `user_password` VALUES (486, 'lueSGJZetyySpUndWjMBEg==', 486);
INSERT INTO `user_password` VALUES (487, 'lueSGJZetyySpUndWjMBEg==', 487);
INSERT INTO `user_password` VALUES (488, 'lueSGJZetyySpUndWjMBEg==', 488);
INSERT INTO `user_password` VALUES (489, 'lueSGJZetyySpUndWjMBEg==', 489);
INSERT INTO `user_password` VALUES (490, 'lueSGJZetyySpUndWjMBEg==', 490);
INSERT INTO `user_password` VALUES (491, 'lueSGJZetyySpUndWjMBEg==', 491);
INSERT INTO `user_password` VALUES (492, 'lueSGJZetyySpUndWjMBEg==', 492);
INSERT INTO `user_password` VALUES (493, 'lueSGJZetyySpUndWjMBEg==', 493);
INSERT INTO `user_password` VALUES (494, 'lueSGJZetyySpUndWjMBEg==', 494);
INSERT INTO `user_password` VALUES (495, 'lueSGJZetyySpUndWjMBEg==', 495);
INSERT INTO `user_password` VALUES (496, 'lueSGJZetyySpUndWjMBEg==', 496);
INSERT INTO `user_password` VALUES (497, 'lueSGJZetyySpUndWjMBEg==', 497);
INSERT INTO `user_password` VALUES (498, 'lueSGJZetyySpUndWjMBEg==', 498);
INSERT INTO `user_password` VALUES (499, 'lueSGJZetyySpUndWjMBEg==', 499);
INSERT INTO `user_password` VALUES (500, 'lueSGJZetyySpUndWjMBEg==', 500);
INSERT INTO `user_password` VALUES (501, 'lueSGJZetyySpUndWjMBEg==', 501);
INSERT INTO `user_password` VALUES (502, 'lueSGJZetyySpUndWjMBEg==', 502);
INSERT INTO `user_password` VALUES (503, 'lueSGJZetyySpUndWjMBEg==', 503);
INSERT INTO `user_password` VALUES (504, 'lueSGJZetyySpUndWjMBEg==', 504);
INSERT INTO `user_password` VALUES (505, 'lueSGJZetyySpUndWjMBEg==', 505);
INSERT INTO `user_password` VALUES (506, 'lueSGJZetyySpUndWjMBEg==', 506);
INSERT INTO `user_password` VALUES (507, 'lueSGJZetyySpUndWjMBEg==', 507);
INSERT INTO `user_password` VALUES (508, 'lueSGJZetyySpUndWjMBEg==', 508);
INSERT INTO `user_password` VALUES (509, 'lueSGJZetyySpUndWjMBEg==', 509);
INSERT INTO `user_password` VALUES (510, 'lueSGJZetyySpUndWjMBEg==', 510);
INSERT INTO `user_password` VALUES (511, 'lueSGJZetyySpUndWjMBEg==', 511);
INSERT INTO `user_password` VALUES (512, 'lueSGJZetyySpUndWjMBEg==', 512);
INSERT INTO `user_password` VALUES (513, 'lueSGJZetyySpUndWjMBEg==', 513);
INSERT INTO `user_password` VALUES (514, 'lueSGJZetyySpUndWjMBEg==', 514);
INSERT INTO `user_password` VALUES (515, 'lueSGJZetyySpUndWjMBEg==', 515);
INSERT INTO `user_password` VALUES (516, 'lueSGJZetyySpUndWjMBEg==', 516);
INSERT INTO `user_password` VALUES (517, 'lueSGJZetyySpUndWjMBEg==', 517);
INSERT INTO `user_password` VALUES (518, 'lueSGJZetyySpUndWjMBEg==', 518);
INSERT INTO `user_password` VALUES (519, 'lueSGJZetyySpUndWjMBEg==', 519);
INSERT INTO `user_password` VALUES (520, 'lueSGJZetyySpUndWjMBEg==', 520);
INSERT INTO `user_password` VALUES (521, 'lueSGJZetyySpUndWjMBEg==', 521);
INSERT INTO `user_password` VALUES (522, 'lueSGJZetyySpUndWjMBEg==', 522);
INSERT INTO `user_password` VALUES (523, 'lueSGJZetyySpUndWjMBEg==', 523);
INSERT INTO `user_password` VALUES (524, 'lueSGJZetyySpUndWjMBEg==', 524);
INSERT INTO `user_password` VALUES (525, 'lueSGJZetyySpUndWjMBEg==', 525);
INSERT INTO `user_password` VALUES (526, 'lueSGJZetyySpUndWjMBEg==', 526);
INSERT INTO `user_password` VALUES (527, 'lueSGJZetyySpUndWjMBEg==', 527);
INSERT INTO `user_password` VALUES (528, 'lueSGJZetyySpUndWjMBEg==', 528);
INSERT INTO `user_password` VALUES (529, 'lueSGJZetyySpUndWjMBEg==', 529);
INSERT INTO `user_password` VALUES (530, 'lueSGJZetyySpUndWjMBEg==', 530);
INSERT INTO `user_password` VALUES (531, 'lueSGJZetyySpUndWjMBEg==', 531);
INSERT INTO `user_password` VALUES (532, 'lueSGJZetyySpUndWjMBEg==', 532);
INSERT INTO `user_password` VALUES (533, 'lueSGJZetyySpUndWjMBEg==', 533);
INSERT INTO `user_password` VALUES (534, 'lueSGJZetyySpUndWjMBEg==', 534);
INSERT INTO `user_password` VALUES (535, 'lueSGJZetyySpUndWjMBEg==', 535);
INSERT INTO `user_password` VALUES (536, 'lueSGJZetyySpUndWjMBEg==', 536);
INSERT INTO `user_password` VALUES (537, 'lueSGJZetyySpUndWjMBEg==', 537);
INSERT INTO `user_password` VALUES (538, 'lueSGJZetyySpUndWjMBEg==', 538);
INSERT INTO `user_password` VALUES (539, 'lueSGJZetyySpUndWjMBEg==', 539);
INSERT INTO `user_password` VALUES (540, 'lueSGJZetyySpUndWjMBEg==', 540);
INSERT INTO `user_password` VALUES (541, 'lueSGJZetyySpUndWjMBEg==', 541);
INSERT INTO `user_password` VALUES (542, 'lueSGJZetyySpUndWjMBEg==', 542);
INSERT INTO `user_password` VALUES (543, 'lueSGJZetyySpUndWjMBEg==', 543);
INSERT INTO `user_password` VALUES (544, 'lueSGJZetyySpUndWjMBEg==', 544);
INSERT INTO `user_password` VALUES (545, 'lueSGJZetyySpUndWjMBEg==', 545);
INSERT INTO `user_password` VALUES (546, 'lueSGJZetyySpUndWjMBEg==', 546);
INSERT INTO `user_password` VALUES (547, 'lueSGJZetyySpUndWjMBEg==', 547);
INSERT INTO `user_password` VALUES (548, 'lueSGJZetyySpUndWjMBEg==', 548);
INSERT INTO `user_password` VALUES (549, 'lueSGJZetyySpUndWjMBEg==', 549);
INSERT INTO `user_password` VALUES (550, 'lueSGJZetyySpUndWjMBEg==', 550);
INSERT INTO `user_password` VALUES (551, 'lueSGJZetyySpUndWjMBEg==', 551);
INSERT INTO `user_password` VALUES (552, 'lueSGJZetyySpUndWjMBEg==', 552);
INSERT INTO `user_password` VALUES (553, 'lueSGJZetyySpUndWjMBEg==', 553);
INSERT INTO `user_password` VALUES (554, 'lueSGJZetyySpUndWjMBEg==', 554);
INSERT INTO `user_password` VALUES (555, 'lueSGJZetyySpUndWjMBEg==', 555);
INSERT INTO `user_password` VALUES (556, 'lueSGJZetyySpUndWjMBEg==', 556);
INSERT INTO `user_password` VALUES (557, 'lueSGJZetyySpUndWjMBEg==', 557);
INSERT INTO `user_password` VALUES (558, 'lueSGJZetyySpUndWjMBEg==', 558);
INSERT INTO `user_password` VALUES (559, 'lueSGJZetyySpUndWjMBEg==', 559);
INSERT INTO `user_password` VALUES (560, 'lueSGJZetyySpUndWjMBEg==', 560);
INSERT INTO `user_password` VALUES (561, 'lueSGJZetyySpUndWjMBEg==', 561);
INSERT INTO `user_password` VALUES (562, 'lueSGJZetyySpUndWjMBEg==', 562);
INSERT INTO `user_password` VALUES (563, 'lueSGJZetyySpUndWjMBEg==', 563);
INSERT INTO `user_password` VALUES (564, 'lueSGJZetyySpUndWjMBEg==', 564);
INSERT INTO `user_password` VALUES (565, 'lueSGJZetyySpUndWjMBEg==', 565);
INSERT INTO `user_password` VALUES (566, 'lueSGJZetyySpUndWjMBEg==', 566);
INSERT INTO `user_password` VALUES (567, 'lueSGJZetyySpUndWjMBEg==', 567);
INSERT INTO `user_password` VALUES (568, 'lueSGJZetyySpUndWjMBEg==', 568);
INSERT INTO `user_password` VALUES (569, 'lueSGJZetyySpUndWjMBEg==', 569);
INSERT INTO `user_password` VALUES (570, 'lueSGJZetyySpUndWjMBEg==', 570);
INSERT INTO `user_password` VALUES (571, 'lueSGJZetyySpUndWjMBEg==', 571);
INSERT INTO `user_password` VALUES (572, 'lueSGJZetyySpUndWjMBEg==', 572);
INSERT INTO `user_password` VALUES (573, 'lueSGJZetyySpUndWjMBEg==', 573);
INSERT INTO `user_password` VALUES (574, 'lueSGJZetyySpUndWjMBEg==', 574);
INSERT INTO `user_password` VALUES (575, 'lueSGJZetyySpUndWjMBEg==', 575);
INSERT INTO `user_password` VALUES (576, 'lueSGJZetyySpUndWjMBEg==', 576);
INSERT INTO `user_password` VALUES (577, 'lueSGJZetyySpUndWjMBEg==', 577);
INSERT INTO `user_password` VALUES (578, 'lueSGJZetyySpUndWjMBEg==', 578);
INSERT INTO `user_password` VALUES (579, 'lueSGJZetyySpUndWjMBEg==', 579);
INSERT INTO `user_password` VALUES (580, 'lueSGJZetyySpUndWjMBEg==', 580);
INSERT INTO `user_password` VALUES (581, 'lueSGJZetyySpUndWjMBEg==', 581);
INSERT INTO `user_password` VALUES (582, 'lueSGJZetyySpUndWjMBEg==', 582);
INSERT INTO `user_password` VALUES (583, 'lueSGJZetyySpUndWjMBEg==', 583);
INSERT INTO `user_password` VALUES (584, 'lueSGJZetyySpUndWjMBEg==', 584);
INSERT INTO `user_password` VALUES (585, 'lueSGJZetyySpUndWjMBEg==', 585);
INSERT INTO `user_password` VALUES (586, 'lueSGJZetyySpUndWjMBEg==', 586);
INSERT INTO `user_password` VALUES (587, 'lueSGJZetyySpUndWjMBEg==', 587);
INSERT INTO `user_password` VALUES (588, 'lueSGJZetyySpUndWjMBEg==', 588);
INSERT INTO `user_password` VALUES (589, 'lueSGJZetyySpUndWjMBEg==', 589);
INSERT INTO `user_password` VALUES (590, 'lueSGJZetyySpUndWjMBEg==', 590);
INSERT INTO `user_password` VALUES (591, 'lueSGJZetyySpUndWjMBEg==', 591);
INSERT INTO `user_password` VALUES (592, 'lueSGJZetyySpUndWjMBEg==', 592);
INSERT INTO `user_password` VALUES (593, 'lueSGJZetyySpUndWjMBEg==', 593);
INSERT INTO `user_password` VALUES (594, 'lueSGJZetyySpUndWjMBEg==', 594);
INSERT INTO `user_password` VALUES (595, 'lueSGJZetyySpUndWjMBEg==', 595);
INSERT INTO `user_password` VALUES (596, 'lueSGJZetyySpUndWjMBEg==', 596);
INSERT INTO `user_password` VALUES (597, 'lueSGJZetyySpUndWjMBEg==', 597);
INSERT INTO `user_password` VALUES (598, 'lueSGJZetyySpUndWjMBEg==', 598);
INSERT INTO `user_password` VALUES (599, 'lueSGJZetyySpUndWjMBEg==', 599);
INSERT INTO `user_password` VALUES (600, 'lueSGJZetyySpUndWjMBEg==', 600);
INSERT INTO `user_password` VALUES (601, 'lueSGJZetyySpUndWjMBEg==', 601);
INSERT INTO `user_password` VALUES (602, 'lueSGJZetyySpUndWjMBEg==', 602);
INSERT INTO `user_password` VALUES (603, 'lueSGJZetyySpUndWjMBEg==', 603);
INSERT INTO `user_password` VALUES (604, 'lueSGJZetyySpUndWjMBEg==', 604);
INSERT INTO `user_password` VALUES (605, 'lueSGJZetyySpUndWjMBEg==', 605);
INSERT INTO `user_password` VALUES (606, 'lueSGJZetyySpUndWjMBEg==', 606);
INSERT INTO `user_password` VALUES (607, 'lueSGJZetyySpUndWjMBEg==', 607);
INSERT INTO `user_password` VALUES (608, 'lueSGJZetyySpUndWjMBEg==', 608);
INSERT INTO `user_password` VALUES (609, 'lueSGJZetyySpUndWjMBEg==', 609);
INSERT INTO `user_password` VALUES (610, 'lueSGJZetyySpUndWjMBEg==', 610);
INSERT INTO `user_password` VALUES (611, 'lueSGJZetyySpUndWjMBEg==', 611);
INSERT INTO `user_password` VALUES (612, 'lueSGJZetyySpUndWjMBEg==', 612);
INSERT INTO `user_password` VALUES (613, 'lueSGJZetyySpUndWjMBEg==', 613);
INSERT INTO `user_password` VALUES (614, 'lueSGJZetyySpUndWjMBEg==', 614);
INSERT INTO `user_password` VALUES (615, 'lueSGJZetyySpUndWjMBEg==', 615);
INSERT INTO `user_password` VALUES (616, 'lueSGJZetyySpUndWjMBEg==', 616);
INSERT INTO `user_password` VALUES (617, 'lueSGJZetyySpUndWjMBEg==', 617);
INSERT INTO `user_password` VALUES (618, 'lueSGJZetyySpUndWjMBEg==', 618);
INSERT INTO `user_password` VALUES (619, 'lueSGJZetyySpUndWjMBEg==', 619);
INSERT INTO `user_password` VALUES (620, 'lueSGJZetyySpUndWjMBEg==', 620);
INSERT INTO `user_password` VALUES (621, 'lueSGJZetyySpUndWjMBEg==', 621);
INSERT INTO `user_password` VALUES (622, 'lueSGJZetyySpUndWjMBEg==', 622);
INSERT INTO `user_password` VALUES (623, 'lueSGJZetyySpUndWjMBEg==', 623);
INSERT INTO `user_password` VALUES (624, 'lueSGJZetyySpUndWjMBEg==', 624);
INSERT INTO `user_password` VALUES (625, 'lueSGJZetyySpUndWjMBEg==', 625);
INSERT INTO `user_password` VALUES (626, 'lueSGJZetyySpUndWjMBEg==', 626);
INSERT INTO `user_password` VALUES (627, 'lueSGJZetyySpUndWjMBEg==', 627);
INSERT INTO `user_password` VALUES (628, 'lueSGJZetyySpUndWjMBEg==', 628);
INSERT INTO `user_password` VALUES (629, 'lueSGJZetyySpUndWjMBEg==', 629);
INSERT INTO `user_password` VALUES (630, 'lueSGJZetyySpUndWjMBEg==', 630);
INSERT INTO `user_password` VALUES (631, 'lueSGJZetyySpUndWjMBEg==', 631);
INSERT INTO `user_password` VALUES (632, 'lueSGJZetyySpUndWjMBEg==', 632);
INSERT INTO `user_password` VALUES (633, 'lueSGJZetyySpUndWjMBEg==', 633);
INSERT INTO `user_password` VALUES (634, 'lueSGJZetyySpUndWjMBEg==', 634);
INSERT INTO `user_password` VALUES (635, 'lueSGJZetyySpUndWjMBEg==', 635);
INSERT INTO `user_password` VALUES (636, 'lueSGJZetyySpUndWjMBEg==', 636);
INSERT INTO `user_password` VALUES (637, 'lueSGJZetyySpUndWjMBEg==', 637);
INSERT INTO `user_password` VALUES (638, 'lueSGJZetyySpUndWjMBEg==', 638);
INSERT INTO `user_password` VALUES (639, 'lueSGJZetyySpUndWjMBEg==', 639);
INSERT INTO `user_password` VALUES (640, 'lueSGJZetyySpUndWjMBEg==', 640);
INSERT INTO `user_password` VALUES (641, 'lueSGJZetyySpUndWjMBEg==', 641);
INSERT INTO `user_password` VALUES (642, 'lueSGJZetyySpUndWjMBEg==', 642);
INSERT INTO `user_password` VALUES (643, 'lueSGJZetyySpUndWjMBEg==', 643);
INSERT INTO `user_password` VALUES (644, 'lueSGJZetyySpUndWjMBEg==', 644);
INSERT INTO `user_password` VALUES (645, 'lueSGJZetyySpUndWjMBEg==', 645);
INSERT INTO `user_password` VALUES (646, 'lueSGJZetyySpUndWjMBEg==', 646);
INSERT INTO `user_password` VALUES (647, 'lueSGJZetyySpUndWjMBEg==', 647);
INSERT INTO `user_password` VALUES (648, 'lueSGJZetyySpUndWjMBEg==', 648);
INSERT INTO `user_password` VALUES (649, 'lueSGJZetyySpUndWjMBEg==', 649);
INSERT INTO `user_password` VALUES (650, 'lueSGJZetyySpUndWjMBEg==', 650);
INSERT INTO `user_password` VALUES (651, 'lueSGJZetyySpUndWjMBEg==', 651);
INSERT INTO `user_password` VALUES (652, 'lueSGJZetyySpUndWjMBEg==', 652);
INSERT INTO `user_password` VALUES (653, 'lueSGJZetyySpUndWjMBEg==', 653);
INSERT INTO `user_password` VALUES (654, 'lueSGJZetyySpUndWjMBEg==', 654);
INSERT INTO `user_password` VALUES (655, 'lueSGJZetyySpUndWjMBEg==', 655);
INSERT INTO `user_password` VALUES (656, 'lueSGJZetyySpUndWjMBEg==', 656);
INSERT INTO `user_password` VALUES (657, 'lueSGJZetyySpUndWjMBEg==', 657);
INSERT INTO `user_password` VALUES (658, 'lueSGJZetyySpUndWjMBEg==', 658);
INSERT INTO `user_password` VALUES (659, 'lueSGJZetyySpUndWjMBEg==', 659);
INSERT INTO `user_password` VALUES (660, 'lueSGJZetyySpUndWjMBEg==', 660);
INSERT INTO `user_password` VALUES (661, 'lueSGJZetyySpUndWjMBEg==', 661);
INSERT INTO `user_password` VALUES (662, 'lueSGJZetyySpUndWjMBEg==', 662);
INSERT INTO `user_password` VALUES (663, 'lueSGJZetyySpUndWjMBEg==', 663);
INSERT INTO `user_password` VALUES (664, 'lueSGJZetyySpUndWjMBEg==', 664);
INSERT INTO `user_password` VALUES (665, 'lueSGJZetyySpUndWjMBEg==', 665);
INSERT INTO `user_password` VALUES (666, 'lueSGJZetyySpUndWjMBEg==', 666);
INSERT INTO `user_password` VALUES (667, 'lueSGJZetyySpUndWjMBEg==', 667);
INSERT INTO `user_password` VALUES (668, 'lueSGJZetyySpUndWjMBEg==', 668);
INSERT INTO `user_password` VALUES (669, 'lueSGJZetyySpUndWjMBEg==', 669);
INSERT INTO `user_password` VALUES (670, 'lueSGJZetyySpUndWjMBEg==', 670);
INSERT INTO `user_password` VALUES (671, 'lueSGJZetyySpUndWjMBEg==', 671);
INSERT INTO `user_password` VALUES (672, 'lueSGJZetyySpUndWjMBEg==', 672);
INSERT INTO `user_password` VALUES (673, 'lueSGJZetyySpUndWjMBEg==', 673);
INSERT INTO `user_password` VALUES (674, 'lueSGJZetyySpUndWjMBEg==', 674);
INSERT INTO `user_password` VALUES (675, 'lueSGJZetyySpUndWjMBEg==', 675);
INSERT INTO `user_password` VALUES (676, 'lueSGJZetyySpUndWjMBEg==', 676);
INSERT INTO `user_password` VALUES (677, 'lueSGJZetyySpUndWjMBEg==', 677);
INSERT INTO `user_password` VALUES (678, 'lueSGJZetyySpUndWjMBEg==', 678);
INSERT INTO `user_password` VALUES (679, 'lueSGJZetyySpUndWjMBEg==', 679);
INSERT INTO `user_password` VALUES (680, 'lueSGJZetyySpUndWjMBEg==', 680);
INSERT INTO `user_password` VALUES (681, 'lueSGJZetyySpUndWjMBEg==', 681);
INSERT INTO `user_password` VALUES (682, 'lueSGJZetyySpUndWjMBEg==', 682);
INSERT INTO `user_password` VALUES (683, 'lueSGJZetyySpUndWjMBEg==', 683);
INSERT INTO `user_password` VALUES (684, 'lueSGJZetyySpUndWjMBEg==', 684);
INSERT INTO `user_password` VALUES (685, 'lueSGJZetyySpUndWjMBEg==', 685);
INSERT INTO `user_password` VALUES (686, 'lueSGJZetyySpUndWjMBEg==', 686);
INSERT INTO `user_password` VALUES (687, 'lueSGJZetyySpUndWjMBEg==', 687);
INSERT INTO `user_password` VALUES (688, 'lueSGJZetyySpUndWjMBEg==', 688);
INSERT INTO `user_password` VALUES (689, 'lueSGJZetyySpUndWjMBEg==', 689);
INSERT INTO `user_password` VALUES (690, 'lueSGJZetyySpUndWjMBEg==', 690);
INSERT INTO `user_password` VALUES (691, 'lueSGJZetyySpUndWjMBEg==', 691);
INSERT INTO `user_password` VALUES (692, 'lueSGJZetyySpUndWjMBEg==', 692);
INSERT INTO `user_password` VALUES (693, 'lueSGJZetyySpUndWjMBEg==', 693);
INSERT INTO `user_password` VALUES (694, 'lueSGJZetyySpUndWjMBEg==', 694);
INSERT INTO `user_password` VALUES (695, 'lueSGJZetyySpUndWjMBEg==', 695);
INSERT INTO `user_password` VALUES (696, 'lueSGJZetyySpUndWjMBEg==', 696);
INSERT INTO `user_password` VALUES (697, 'lueSGJZetyySpUndWjMBEg==', 697);
INSERT INTO `user_password` VALUES (698, 'lueSGJZetyySpUndWjMBEg==', 698);
INSERT INTO `user_password` VALUES (699, 'lueSGJZetyySpUndWjMBEg==', 699);
INSERT INTO `user_password` VALUES (700, 'lueSGJZetyySpUndWjMBEg==', 700);
INSERT INTO `user_password` VALUES (701, 'lueSGJZetyySpUndWjMBEg==', 701);
INSERT INTO `user_password` VALUES (702, 'lueSGJZetyySpUndWjMBEg==', 702);
INSERT INTO `user_password` VALUES (703, 'lueSGJZetyySpUndWjMBEg==', 703);
INSERT INTO `user_password` VALUES (704, 'lueSGJZetyySpUndWjMBEg==', 704);
INSERT INTO `user_password` VALUES (705, 'lueSGJZetyySpUndWjMBEg==', 705);
INSERT INTO `user_password` VALUES (706, 'lueSGJZetyySpUndWjMBEg==', 706);
INSERT INTO `user_password` VALUES (707, 'lueSGJZetyySpUndWjMBEg==', 707);
INSERT INTO `user_password` VALUES (708, 'lueSGJZetyySpUndWjMBEg==', 708);
INSERT INTO `user_password` VALUES (709, 'lueSGJZetyySpUndWjMBEg==', 709);
INSERT INTO `user_password` VALUES (710, 'lueSGJZetyySpUndWjMBEg==', 710);
INSERT INTO `user_password` VALUES (711, 'lueSGJZetyySpUndWjMBEg==', 711);
INSERT INTO `user_password` VALUES (712, 'lueSGJZetyySpUndWjMBEg==', 712);
INSERT INTO `user_password` VALUES (713, 'lueSGJZetyySpUndWjMBEg==', 713);
INSERT INTO `user_password` VALUES (714, 'lueSGJZetyySpUndWjMBEg==', 714);
INSERT INTO `user_password` VALUES (715, 'lueSGJZetyySpUndWjMBEg==', 715);
INSERT INTO `user_password` VALUES (716, 'lueSGJZetyySpUndWjMBEg==', 716);
INSERT INTO `user_password` VALUES (717, 'lueSGJZetyySpUndWjMBEg==', 717);
INSERT INTO `user_password` VALUES (718, 'lueSGJZetyySpUndWjMBEg==', 718);
INSERT INTO `user_password` VALUES (719, 'lueSGJZetyySpUndWjMBEg==', 719);
INSERT INTO `user_password` VALUES (720, 'lueSGJZetyySpUndWjMBEg==', 720);
INSERT INTO `user_password` VALUES (721, 'lueSGJZetyySpUndWjMBEg==', 721);
INSERT INTO `user_password` VALUES (722, 'lueSGJZetyySpUndWjMBEg==', 722);
INSERT INTO `user_password` VALUES (723, 'lueSGJZetyySpUndWjMBEg==', 723);
INSERT INTO `user_password` VALUES (724, 'lueSGJZetyySpUndWjMBEg==', 724);
INSERT INTO `user_password` VALUES (725, 'lueSGJZetyySpUndWjMBEg==', 725);
INSERT INTO `user_password` VALUES (726, 'lueSGJZetyySpUndWjMBEg==', 726);
INSERT INTO `user_password` VALUES (727, 'lueSGJZetyySpUndWjMBEg==', 727);
INSERT INTO `user_password` VALUES (728, 'lueSGJZetyySpUndWjMBEg==', 728);
INSERT INTO `user_password` VALUES (729, 'lueSGJZetyySpUndWjMBEg==', 729);
INSERT INTO `user_password` VALUES (730, 'lueSGJZetyySpUndWjMBEg==', 730);
INSERT INTO `user_password` VALUES (731, 'lueSGJZetyySpUndWjMBEg==', 731);
INSERT INTO `user_password` VALUES (732, 'lueSGJZetyySpUndWjMBEg==', 732);
INSERT INTO `user_password` VALUES (733, 'lueSGJZetyySpUndWjMBEg==', 733);
INSERT INTO `user_password` VALUES (734, 'lueSGJZetyySpUndWjMBEg==', 734);
INSERT INTO `user_password` VALUES (735, 'lueSGJZetyySpUndWjMBEg==', 735);
INSERT INTO `user_password` VALUES (736, 'lueSGJZetyySpUndWjMBEg==', 736);
INSERT INTO `user_password` VALUES (737, 'lueSGJZetyySpUndWjMBEg==', 737);
INSERT INTO `user_password` VALUES (738, 'lueSGJZetyySpUndWjMBEg==', 738);
INSERT INTO `user_password` VALUES (739, 'lueSGJZetyySpUndWjMBEg==', 739);
INSERT INTO `user_password` VALUES (740, 'lueSGJZetyySpUndWjMBEg==', 740);
INSERT INTO `user_password` VALUES (741, 'lueSGJZetyySpUndWjMBEg==', 741);
INSERT INTO `user_password` VALUES (742, 'lueSGJZetyySpUndWjMBEg==', 742);
INSERT INTO `user_password` VALUES (743, 'lueSGJZetyySpUndWjMBEg==', 743);
INSERT INTO `user_password` VALUES (744, 'lueSGJZetyySpUndWjMBEg==', 744);
INSERT INTO `user_password` VALUES (745, 'lueSGJZetyySpUndWjMBEg==', 745);
INSERT INTO `user_password` VALUES (746, 'lueSGJZetyySpUndWjMBEg==', 746);
INSERT INTO `user_password` VALUES (747, 'lueSGJZetyySpUndWjMBEg==', 747);
INSERT INTO `user_password` VALUES (748, 'lueSGJZetyySpUndWjMBEg==', 748);
INSERT INTO `user_password` VALUES (749, 'lueSGJZetyySpUndWjMBEg==', 749);
INSERT INTO `user_password` VALUES (750, 'lueSGJZetyySpUndWjMBEg==', 750);
INSERT INTO `user_password` VALUES (751, 'lueSGJZetyySpUndWjMBEg==', 751);
INSERT INTO `user_password` VALUES (752, 'lueSGJZetyySpUndWjMBEg==', 752);
INSERT INTO `user_password` VALUES (753, 'lueSGJZetyySpUndWjMBEg==', 753);
INSERT INTO `user_password` VALUES (754, 'lueSGJZetyySpUndWjMBEg==', 754);
INSERT INTO `user_password` VALUES (755, 'lueSGJZetyySpUndWjMBEg==', 755);
INSERT INTO `user_password` VALUES (756, 'lueSGJZetyySpUndWjMBEg==', 756);
INSERT INTO `user_password` VALUES (757, 'lueSGJZetyySpUndWjMBEg==', 757);
INSERT INTO `user_password` VALUES (758, 'lueSGJZetyySpUndWjMBEg==', 758);
INSERT INTO `user_password` VALUES (759, 'lueSGJZetyySpUndWjMBEg==', 759);
INSERT INTO `user_password` VALUES (760, 'lueSGJZetyySpUndWjMBEg==', 760);
INSERT INTO `user_password` VALUES (761, 'lueSGJZetyySpUndWjMBEg==', 761);
INSERT INTO `user_password` VALUES (762, 'lueSGJZetyySpUndWjMBEg==', 762);
INSERT INTO `user_password` VALUES (763, 'lueSGJZetyySpUndWjMBEg==', 763);
INSERT INTO `user_password` VALUES (764, 'lueSGJZetyySpUndWjMBEg==', 764);
INSERT INTO `user_password` VALUES (765, 'lueSGJZetyySpUndWjMBEg==', 765);
INSERT INTO `user_password` VALUES (766, 'lueSGJZetyySpUndWjMBEg==', 766);
INSERT INTO `user_password` VALUES (767, 'lueSGJZetyySpUndWjMBEg==', 767);
INSERT INTO `user_password` VALUES (768, 'lueSGJZetyySpUndWjMBEg==', 768);
INSERT INTO `user_password` VALUES (769, 'lueSGJZetyySpUndWjMBEg==', 769);
INSERT INTO `user_password` VALUES (770, 'lueSGJZetyySpUndWjMBEg==', 770);
INSERT INTO `user_password` VALUES (771, 'lueSGJZetyySpUndWjMBEg==', 771);
INSERT INTO `user_password` VALUES (772, 'lueSGJZetyySpUndWjMBEg==', 772);
INSERT INTO `user_password` VALUES (773, 'lueSGJZetyySpUndWjMBEg==', 773);
INSERT INTO `user_password` VALUES (774, 'lueSGJZetyySpUndWjMBEg==', 774);
INSERT INTO `user_password` VALUES (775, 'lueSGJZetyySpUndWjMBEg==', 775);
INSERT INTO `user_password` VALUES (776, 'lueSGJZetyySpUndWjMBEg==', 776);
INSERT INTO `user_password` VALUES (777, 'lueSGJZetyySpUndWjMBEg==', 777);
INSERT INTO `user_password` VALUES (778, 'lueSGJZetyySpUndWjMBEg==', 778);
INSERT INTO `user_password` VALUES (779, 'lueSGJZetyySpUndWjMBEg==', 779);
INSERT INTO `user_password` VALUES (780, 'lueSGJZetyySpUndWjMBEg==', 780);
INSERT INTO `user_password` VALUES (781, 'lueSGJZetyySpUndWjMBEg==', 781);
INSERT INTO `user_password` VALUES (782, 'lueSGJZetyySpUndWjMBEg==', 782);
INSERT INTO `user_password` VALUES (783, 'lueSGJZetyySpUndWjMBEg==', 783);
INSERT INTO `user_password` VALUES (784, 'lueSGJZetyySpUndWjMBEg==', 784);
INSERT INTO `user_password` VALUES (785, 'lueSGJZetyySpUndWjMBEg==', 785);
INSERT INTO `user_password` VALUES (786, 'lueSGJZetyySpUndWjMBEg==', 786);
INSERT INTO `user_password` VALUES (787, 'lueSGJZetyySpUndWjMBEg==', 787);
INSERT INTO `user_password` VALUES (788, 'lueSGJZetyySpUndWjMBEg==', 788);
INSERT INTO `user_password` VALUES (789, 'lueSGJZetyySpUndWjMBEg==', 789);
INSERT INTO `user_password` VALUES (790, 'lueSGJZetyySpUndWjMBEg==', 790);
INSERT INTO `user_password` VALUES (791, 'lueSGJZetyySpUndWjMBEg==', 791);
INSERT INTO `user_password` VALUES (792, 'lueSGJZetyySpUndWjMBEg==', 792);
INSERT INTO `user_password` VALUES (793, 'lueSGJZetyySpUndWjMBEg==', 793);
INSERT INTO `user_password` VALUES (794, 'lueSGJZetyySpUndWjMBEg==', 794);
INSERT INTO `user_password` VALUES (795, 'lueSGJZetyySpUndWjMBEg==', 795);
INSERT INTO `user_password` VALUES (796, 'lueSGJZetyySpUndWjMBEg==', 796);
INSERT INTO `user_password` VALUES (797, 'lueSGJZetyySpUndWjMBEg==', 797);
INSERT INTO `user_password` VALUES (798, 'lueSGJZetyySpUndWjMBEg==', 798);
INSERT INTO `user_password` VALUES (799, 'lueSGJZetyySpUndWjMBEg==', 799);
INSERT INTO `user_password` VALUES (800, 'lueSGJZetyySpUndWjMBEg==', 800);
INSERT INTO `user_password` VALUES (801, 'lueSGJZetyySpUndWjMBEg==', 801);
INSERT INTO `user_password` VALUES (802, 'lueSGJZetyySpUndWjMBEg==', 802);
INSERT INTO `user_password` VALUES (803, 'lueSGJZetyySpUndWjMBEg==', 803);
INSERT INTO `user_password` VALUES (804, 'lueSGJZetyySpUndWjMBEg==', 804);
INSERT INTO `user_password` VALUES (805, 'lueSGJZetyySpUndWjMBEg==', 805);
INSERT INTO `user_password` VALUES (806, 'lueSGJZetyySpUndWjMBEg==', 806);
INSERT INTO `user_password` VALUES (807, 'lueSGJZetyySpUndWjMBEg==', 807);
INSERT INTO `user_password` VALUES (808, 'lueSGJZetyySpUndWjMBEg==', 808);
INSERT INTO `user_password` VALUES (809, 'lueSGJZetyySpUndWjMBEg==', 809);
INSERT INTO `user_password` VALUES (810, 'lueSGJZetyySpUndWjMBEg==', 810);
INSERT INTO `user_password` VALUES (811, 'lueSGJZetyySpUndWjMBEg==', 811);
INSERT INTO `user_password` VALUES (812, 'lueSGJZetyySpUndWjMBEg==', 812);
INSERT INTO `user_password` VALUES (813, 'lueSGJZetyySpUndWjMBEg==', 813);
INSERT INTO `user_password` VALUES (814, 'lueSGJZetyySpUndWjMBEg==', 814);
INSERT INTO `user_password` VALUES (815, 'lueSGJZetyySpUndWjMBEg==', 815);
INSERT INTO `user_password` VALUES (816, 'lueSGJZetyySpUndWjMBEg==', 816);
INSERT INTO `user_password` VALUES (817, 'lueSGJZetyySpUndWjMBEg==', 817);
INSERT INTO `user_password` VALUES (818, 'lueSGJZetyySpUndWjMBEg==', 818);
INSERT INTO `user_password` VALUES (819, 'lueSGJZetyySpUndWjMBEg==', 819);
INSERT INTO `user_password` VALUES (820, 'lueSGJZetyySpUndWjMBEg==', 820);
INSERT INTO `user_password` VALUES (821, 'lueSGJZetyySpUndWjMBEg==', 821);
INSERT INTO `user_password` VALUES (822, 'lueSGJZetyySpUndWjMBEg==', 822);
INSERT INTO `user_password` VALUES (823, 'lueSGJZetyySpUndWjMBEg==', 823);
INSERT INTO `user_password` VALUES (824, 'lueSGJZetyySpUndWjMBEg==', 824);
INSERT INTO `user_password` VALUES (825, 'lueSGJZetyySpUndWjMBEg==', 825);
INSERT INTO `user_password` VALUES (826, 'lueSGJZetyySpUndWjMBEg==', 826);
INSERT INTO `user_password` VALUES (827, 'lueSGJZetyySpUndWjMBEg==', 827);
INSERT INTO `user_password` VALUES (828, 'lueSGJZetyySpUndWjMBEg==', 828);
INSERT INTO `user_password` VALUES (829, 'lueSGJZetyySpUndWjMBEg==', 829);
INSERT INTO `user_password` VALUES (830, 'lueSGJZetyySpUndWjMBEg==', 830);
INSERT INTO `user_password` VALUES (831, 'lueSGJZetyySpUndWjMBEg==', 831);
INSERT INTO `user_password` VALUES (832, 'lueSGJZetyySpUndWjMBEg==', 832);
INSERT INTO `user_password` VALUES (833, 'lueSGJZetyySpUndWjMBEg==', 833);
INSERT INTO `user_password` VALUES (834, 'lueSGJZetyySpUndWjMBEg==', 834);
INSERT INTO `user_password` VALUES (835, 'lueSGJZetyySpUndWjMBEg==', 835);
INSERT INTO `user_password` VALUES (836, 'lueSGJZetyySpUndWjMBEg==', 836);
INSERT INTO `user_password` VALUES (837, 'lueSGJZetyySpUndWjMBEg==', 837);
INSERT INTO `user_password` VALUES (838, 'lueSGJZetyySpUndWjMBEg==', 838);
INSERT INTO `user_password` VALUES (839, 'lueSGJZetyySpUndWjMBEg==', 839);
INSERT INTO `user_password` VALUES (840, 'lueSGJZetyySpUndWjMBEg==', 840);
INSERT INTO `user_password` VALUES (841, 'lueSGJZetyySpUndWjMBEg==', 841);
INSERT INTO `user_password` VALUES (842, 'lueSGJZetyySpUndWjMBEg==', 842);
INSERT INTO `user_password` VALUES (843, 'lueSGJZetyySpUndWjMBEg==', 843);
INSERT INTO `user_password` VALUES (844, 'lueSGJZetyySpUndWjMBEg==', 844);
INSERT INTO `user_password` VALUES (845, 'lueSGJZetyySpUndWjMBEg==', 845);
INSERT INTO `user_password` VALUES (846, 'lueSGJZetyySpUndWjMBEg==', 846);
INSERT INTO `user_password` VALUES (847, 'lueSGJZetyySpUndWjMBEg==', 847);
INSERT INTO `user_password` VALUES (848, 'lueSGJZetyySpUndWjMBEg==', 848);
INSERT INTO `user_password` VALUES (849, 'lueSGJZetyySpUndWjMBEg==', 849);
INSERT INTO `user_password` VALUES (850, 'lueSGJZetyySpUndWjMBEg==', 850);
INSERT INTO `user_password` VALUES (851, 'lueSGJZetyySpUndWjMBEg==', 851);
INSERT INTO `user_password` VALUES (852, 'lueSGJZetyySpUndWjMBEg==', 852);
INSERT INTO `user_password` VALUES (853, 'lueSGJZetyySpUndWjMBEg==', 853);
INSERT INTO `user_password` VALUES (854, 'lueSGJZetyySpUndWjMBEg==', 854);
INSERT INTO `user_password` VALUES (855, 'lueSGJZetyySpUndWjMBEg==', 855);
INSERT INTO `user_password` VALUES (856, 'lueSGJZetyySpUndWjMBEg==', 856);
INSERT INTO `user_password` VALUES (857, 'lueSGJZetyySpUndWjMBEg==', 857);
INSERT INTO `user_password` VALUES (858, 'lueSGJZetyySpUndWjMBEg==', 858);
INSERT INTO `user_password` VALUES (859, 'lueSGJZetyySpUndWjMBEg==', 859);
INSERT INTO `user_password` VALUES (860, 'lueSGJZetyySpUndWjMBEg==', 860);
INSERT INTO `user_password` VALUES (861, 'lueSGJZetyySpUndWjMBEg==', 861);
INSERT INTO `user_password` VALUES (862, 'lueSGJZetyySpUndWjMBEg==', 862);
INSERT INTO `user_password` VALUES (863, 'lueSGJZetyySpUndWjMBEg==', 863);
INSERT INTO `user_password` VALUES (864, 'lueSGJZetyySpUndWjMBEg==', 864);
INSERT INTO `user_password` VALUES (865, 'lueSGJZetyySpUndWjMBEg==', 865);
INSERT INTO `user_password` VALUES (866, 'lueSGJZetyySpUndWjMBEg==', 866);
INSERT INTO `user_password` VALUES (867, 'lueSGJZetyySpUndWjMBEg==', 867);
INSERT INTO `user_password` VALUES (868, 'lueSGJZetyySpUndWjMBEg==', 868);
INSERT INTO `user_password` VALUES (869, 'lueSGJZetyySpUndWjMBEg==', 869);
INSERT INTO `user_password` VALUES (870, 'lueSGJZetyySpUndWjMBEg==', 870);
INSERT INTO `user_password` VALUES (871, 'lueSGJZetyySpUndWjMBEg==', 871);
INSERT INTO `user_password` VALUES (872, 'lueSGJZetyySpUndWjMBEg==', 872);
INSERT INTO `user_password` VALUES (873, 'lueSGJZetyySpUndWjMBEg==', 873);
INSERT INTO `user_password` VALUES (874, 'lueSGJZetyySpUndWjMBEg==', 874);
INSERT INTO `user_password` VALUES (875, 'lueSGJZetyySpUndWjMBEg==', 875);
INSERT INTO `user_password` VALUES (876, 'lueSGJZetyySpUndWjMBEg==', 876);
INSERT INTO `user_password` VALUES (877, 'lueSGJZetyySpUndWjMBEg==', 877);
INSERT INTO `user_password` VALUES (878, 'lueSGJZetyySpUndWjMBEg==', 878);
INSERT INTO `user_password` VALUES (879, 'lueSGJZetyySpUndWjMBEg==', 879);
INSERT INTO `user_password` VALUES (880, 'lueSGJZetyySpUndWjMBEg==', 880);
INSERT INTO `user_password` VALUES (881, 'lueSGJZetyySpUndWjMBEg==', 881);
INSERT INTO `user_password` VALUES (882, 'lueSGJZetyySpUndWjMBEg==', 882);
INSERT INTO `user_password` VALUES (883, 'lueSGJZetyySpUndWjMBEg==', 883);
INSERT INTO `user_password` VALUES (884, 'lueSGJZetyySpUndWjMBEg==', 884);
INSERT INTO `user_password` VALUES (885, 'lueSGJZetyySpUndWjMBEg==', 885);
INSERT INTO `user_password` VALUES (886, 'lueSGJZetyySpUndWjMBEg==', 886);
INSERT INTO `user_password` VALUES (887, 'lueSGJZetyySpUndWjMBEg==', 887);
INSERT INTO `user_password` VALUES (888, 'lueSGJZetyySpUndWjMBEg==', 888);
INSERT INTO `user_password` VALUES (889, 'lueSGJZetyySpUndWjMBEg==', 889);
INSERT INTO `user_password` VALUES (890, 'lueSGJZetyySpUndWjMBEg==', 890);
INSERT INTO `user_password` VALUES (891, 'lueSGJZetyySpUndWjMBEg==', 891);
INSERT INTO `user_password` VALUES (892, 'lueSGJZetyySpUndWjMBEg==', 892);
INSERT INTO `user_password` VALUES (893, 'lueSGJZetyySpUndWjMBEg==', 893);
INSERT INTO `user_password` VALUES (894, 'lueSGJZetyySpUndWjMBEg==', 894);
INSERT INTO `user_password` VALUES (895, 'lueSGJZetyySpUndWjMBEg==', 895);
INSERT INTO `user_password` VALUES (896, 'lueSGJZetyySpUndWjMBEg==', 896);
INSERT INTO `user_password` VALUES (897, 'lueSGJZetyySpUndWjMBEg==', 897);
INSERT INTO `user_password` VALUES (898, 'lueSGJZetyySpUndWjMBEg==', 898);
INSERT INTO `user_password` VALUES (899, 'lueSGJZetyySpUndWjMBEg==', 899);
INSERT INTO `user_password` VALUES (900, 'lueSGJZetyySpUndWjMBEg==', 900);
INSERT INTO `user_password` VALUES (901, 'lueSGJZetyySpUndWjMBEg==', 901);
INSERT INTO `user_password` VALUES (902, 'lueSGJZetyySpUndWjMBEg==', 902);
INSERT INTO `user_password` VALUES (903, 'lueSGJZetyySpUndWjMBEg==', 903);
INSERT INTO `user_password` VALUES (904, 'lueSGJZetyySpUndWjMBEg==', 904);
INSERT INTO `user_password` VALUES (905, 'lueSGJZetyySpUndWjMBEg==', 905);
INSERT INTO `user_password` VALUES (906, 'lueSGJZetyySpUndWjMBEg==', 906);
INSERT INTO `user_password` VALUES (907, 'lueSGJZetyySpUndWjMBEg==', 907);
INSERT INTO `user_password` VALUES (908, 'lueSGJZetyySpUndWjMBEg==', 908);
INSERT INTO `user_password` VALUES (909, 'lueSGJZetyySpUndWjMBEg==', 909);
INSERT INTO `user_password` VALUES (910, 'lueSGJZetyySpUndWjMBEg==', 910);
INSERT INTO `user_password` VALUES (911, 'lueSGJZetyySpUndWjMBEg==', 911);
INSERT INTO `user_password` VALUES (912, 'lueSGJZetyySpUndWjMBEg==', 912);
INSERT INTO `user_password` VALUES (913, 'lueSGJZetyySpUndWjMBEg==', 913);
INSERT INTO `user_password` VALUES (914, 'lueSGJZetyySpUndWjMBEg==', 914);
INSERT INTO `user_password` VALUES (915, 'lueSGJZetyySpUndWjMBEg==', 915);
INSERT INTO `user_password` VALUES (916, 'lueSGJZetyySpUndWjMBEg==', 916);
INSERT INTO `user_password` VALUES (917, 'lueSGJZetyySpUndWjMBEg==', 917);
INSERT INTO `user_password` VALUES (918, 'lueSGJZetyySpUndWjMBEg==', 918);
INSERT INTO `user_password` VALUES (919, 'lueSGJZetyySpUndWjMBEg==', 919);
INSERT INTO `user_password` VALUES (920, 'lueSGJZetyySpUndWjMBEg==', 920);
INSERT INTO `user_password` VALUES (921, 'lueSGJZetyySpUndWjMBEg==', 921);
INSERT INTO `user_password` VALUES (922, 'lueSGJZetyySpUndWjMBEg==', 922);
INSERT INTO `user_password` VALUES (923, 'lueSGJZetyySpUndWjMBEg==', 923);
INSERT INTO `user_password` VALUES (924, 'lueSGJZetyySpUndWjMBEg==', 924);
INSERT INTO `user_password` VALUES (925, 'lueSGJZetyySpUndWjMBEg==', 925);
INSERT INTO `user_password` VALUES (926, 'lueSGJZetyySpUndWjMBEg==', 926);
INSERT INTO `user_password` VALUES (927, 'lueSGJZetyySpUndWjMBEg==', 927);
INSERT INTO `user_password` VALUES (928, 'lueSGJZetyySpUndWjMBEg==', 928);
INSERT INTO `user_password` VALUES (929, 'lueSGJZetyySpUndWjMBEg==', 929);
INSERT INTO `user_password` VALUES (930, 'lueSGJZetyySpUndWjMBEg==', 930);
INSERT INTO `user_password` VALUES (931, 'lueSGJZetyySpUndWjMBEg==', 931);
INSERT INTO `user_password` VALUES (932, 'lueSGJZetyySpUndWjMBEg==', 932);
INSERT INTO `user_password` VALUES (933, 'lueSGJZetyySpUndWjMBEg==', 933);
INSERT INTO `user_password` VALUES (934, 'lueSGJZetyySpUndWjMBEg==', 934);
INSERT INTO `user_password` VALUES (935, 'lueSGJZetyySpUndWjMBEg==', 935);
INSERT INTO `user_password` VALUES (936, 'lueSGJZetyySpUndWjMBEg==', 936);
INSERT INTO `user_password` VALUES (937, 'lueSGJZetyySpUndWjMBEg==', 937);
INSERT INTO `user_password` VALUES (938, 'lueSGJZetyySpUndWjMBEg==', 938);
INSERT INTO `user_password` VALUES (939, 'lueSGJZetyySpUndWjMBEg==', 939);
INSERT INTO `user_password` VALUES (940, 'lueSGJZetyySpUndWjMBEg==', 940);
INSERT INTO `user_password` VALUES (941, 'lueSGJZetyySpUndWjMBEg==', 941);
INSERT INTO `user_password` VALUES (942, 'lueSGJZetyySpUndWjMBEg==', 942);
INSERT INTO `user_password` VALUES (943, 'lueSGJZetyySpUndWjMBEg==', 943);
INSERT INTO `user_password` VALUES (944, 'lueSGJZetyySpUndWjMBEg==', 944);
INSERT INTO `user_password` VALUES (945, 'lueSGJZetyySpUndWjMBEg==', 945);
INSERT INTO `user_password` VALUES (946, 'lueSGJZetyySpUndWjMBEg==', 946);
INSERT INTO `user_password` VALUES (947, 'lueSGJZetyySpUndWjMBEg==', 947);
INSERT INTO `user_password` VALUES (948, 'lueSGJZetyySpUndWjMBEg==', 948);
INSERT INTO `user_password` VALUES (949, 'lueSGJZetyySpUndWjMBEg==', 949);
INSERT INTO `user_password` VALUES (950, 'lueSGJZetyySpUndWjMBEg==', 950);
INSERT INTO `user_password` VALUES (951, 'lueSGJZetyySpUndWjMBEg==', 951);
INSERT INTO `user_password` VALUES (952, 'lueSGJZetyySpUndWjMBEg==', 952);
INSERT INTO `user_password` VALUES (953, 'lueSGJZetyySpUndWjMBEg==', 953);
INSERT INTO `user_password` VALUES (954, 'lueSGJZetyySpUndWjMBEg==', 954);
INSERT INTO `user_password` VALUES (955, 'lueSGJZetyySpUndWjMBEg==', 955);
INSERT INTO `user_password` VALUES (956, 'lueSGJZetyySpUndWjMBEg==', 956);
INSERT INTO `user_password` VALUES (957, 'lueSGJZetyySpUndWjMBEg==', 957);
INSERT INTO `user_password` VALUES (958, 'lueSGJZetyySpUndWjMBEg==', 958);
INSERT INTO `user_password` VALUES (959, 'lueSGJZetyySpUndWjMBEg==', 959);
INSERT INTO `user_password` VALUES (960, 'lueSGJZetyySpUndWjMBEg==', 960);
INSERT INTO `user_password` VALUES (961, 'lueSGJZetyySpUndWjMBEg==', 961);
INSERT INTO `user_password` VALUES (962, 'lueSGJZetyySpUndWjMBEg==', 962);
INSERT INTO `user_password` VALUES (963, 'lueSGJZetyySpUndWjMBEg==', 963);
INSERT INTO `user_password` VALUES (964, 'lueSGJZetyySpUndWjMBEg==', 964);
INSERT INTO `user_password` VALUES (965, 'lueSGJZetyySpUndWjMBEg==', 965);
INSERT INTO `user_password` VALUES (966, 'lueSGJZetyySpUndWjMBEg==', 966);
INSERT INTO `user_password` VALUES (967, 'lueSGJZetyySpUndWjMBEg==', 967);
INSERT INTO `user_password` VALUES (968, 'lueSGJZetyySpUndWjMBEg==', 968);
INSERT INTO `user_password` VALUES (969, 'lueSGJZetyySpUndWjMBEg==', 969);
INSERT INTO `user_password` VALUES (970, 'lueSGJZetyySpUndWjMBEg==', 970);
INSERT INTO `user_password` VALUES (971, 'lueSGJZetyySpUndWjMBEg==', 971);
INSERT INTO `user_password` VALUES (972, 'lueSGJZetyySpUndWjMBEg==', 972);
INSERT INTO `user_password` VALUES (973, 'lueSGJZetyySpUndWjMBEg==', 973);
INSERT INTO `user_password` VALUES (974, 'lueSGJZetyySpUndWjMBEg==', 974);
INSERT INTO `user_password` VALUES (975, 'lueSGJZetyySpUndWjMBEg==', 975);
INSERT INTO `user_password` VALUES (976, 'lueSGJZetyySpUndWjMBEg==', 976);
INSERT INTO `user_password` VALUES (977, 'lueSGJZetyySpUndWjMBEg==', 977);
INSERT INTO `user_password` VALUES (978, 'lueSGJZetyySpUndWjMBEg==', 978);
INSERT INTO `user_password` VALUES (979, 'lueSGJZetyySpUndWjMBEg==', 979);
INSERT INTO `user_password` VALUES (980, 'lueSGJZetyySpUndWjMBEg==', 980);
INSERT INTO `user_password` VALUES (981, 'lueSGJZetyySpUndWjMBEg==', 981);
INSERT INTO `user_password` VALUES (982, 'lueSGJZetyySpUndWjMBEg==', 982);
INSERT INTO `user_password` VALUES (983, 'lueSGJZetyySpUndWjMBEg==', 983);
INSERT INTO `user_password` VALUES (984, 'lueSGJZetyySpUndWjMBEg==', 984);
INSERT INTO `user_password` VALUES (985, 'lueSGJZetyySpUndWjMBEg==', 985);
INSERT INTO `user_password` VALUES (986, 'lueSGJZetyySpUndWjMBEg==', 986);
INSERT INTO `user_password` VALUES (987, 'lueSGJZetyySpUndWjMBEg==', 987);
INSERT INTO `user_password` VALUES (988, 'lueSGJZetyySpUndWjMBEg==', 988);
INSERT INTO `user_password` VALUES (989, 'lueSGJZetyySpUndWjMBEg==', 989);
INSERT INTO `user_password` VALUES (990, 'lueSGJZetyySpUndWjMBEg==', 990);
INSERT INTO `user_password` VALUES (991, 'lueSGJZetyySpUndWjMBEg==', 991);
INSERT INTO `user_password` VALUES (992, 'lueSGJZetyySpUndWjMBEg==', 992);
INSERT INTO `user_password` VALUES (993, 'lueSGJZetyySpUndWjMBEg==', 993);
INSERT INTO `user_password` VALUES (994, 'lueSGJZetyySpUndWjMBEg==', 994);
INSERT INTO `user_password` VALUES (995, 'lueSGJZetyySpUndWjMBEg==', 995);
INSERT INTO `user_password` VALUES (996, 'lueSGJZetyySpUndWjMBEg==', 996);
INSERT INTO `user_password` VALUES (997, 'lueSGJZetyySpUndWjMBEg==', 997);
INSERT INTO `user_password` VALUES (998, 'lueSGJZetyySpUndWjMBEg==', 998);
INSERT INTO `user_password` VALUES (999, 'lueSGJZetyySpUndWjMBEg==', 999);
INSERT INTO `user_password` VALUES (1000, 'lueSGJZetyySpUndWjMBEg==', 1000);
INSERT INTO `user_password` VALUES (1001, 'lueSGJZetyySpUndWjMBEg==', 1001);

SET FOREIGN_KEY_CHECKS = 1;
